O*NET-SOC Code_x,Title,N,1-5 Years,10 Years or More,6-9 Years,<1 Year,Missing,Domain Source_x,O*NET-SOC Code_y,Job Zone,Date,Domain Source_y,Avg_Experience_Years
29-1024.00,Prosthodontists,47.0,8.5,83.0,4.3,2.1,2.1,Incumbent,29-1024.00,5,08/2024,Analyst,14.741
51-9195.05,"Potters, Manufacturing",52.0,11.5,82.7,1.9,3.8,0.0,Incumbent,51-9195.05,3,08/2020,Analyst,14.5845
47-2021.00,Brickmasons and Blockmasons,55.0,9.1,80.0,9.1,1.8,0.0,Incumbent,47-2021.00,2,08/2018,Analyst,14.6555
47-2082.00,Tapers,66.0,6.1,78.8,9.1,4.5,1.5,Incumbent,47-2082.00,2,07/2015,Analyst,14.374999999999998
29-1224.00,Radiologists,73.0,11.0,78.1,6.8,1.4,2.7,Incumbent,29-1224.00,5,08/2023,Analyst,14.191999999999997
29-1222.00,"Physicians, Pathologists",81.0,16.0,77.8,3.7,2.5,0.0,,29-1222.00,5,08/2020,Analyst,14.033
51-5113.00,Print Binding and Finishing Workers,79.0,5.1,77.2,10.1,5.1,2.5,Incumbent,51-5113.00,2,07/2015,Analyst,14.161000000000001
51-5112.00,Printing Press Operators,63.0,12.7,76.2,7.9,3.2,0.0,Incumbent,51-5112.00,2,08/2020,Analyst,14.0225
19-4051.02,Nuclear Monitoring Technicians,119.0,15.1,75.6,8.4,0.8,0.0,Incumbent,19-4051.02,3,07/2014,Analyst,14.022999999999998
45-4021.00,Fallers,73.0,11.0,75.3,12.3,1.4,0.0,Incumbent,45-4021.00,1,06/2007,Analyst,14.183499999999999
51-4061.00,"Model Makers, Metal and Plastic",60.0,13.3,75.0,11.7,0.0,0.0,Incumbent,51-4061.00,3,07/2016,Analyst,14.1435
49-9061.00,Camera and Photographic Equipment Repairers,52.0,13.5,75.0,3.8,3.8,3.8,Incumbent,49-9061.00,3,07/2015,Analyst,13.497
51-9081.00,Dental Laboratory Technicians,67.0,9.0,74.6,10.4,4.5,1.5,Incumbent,51-9081.00,2,08/2022,Analyst,13.8585
51-7032.00,"Patternmakers, Wood",78.0,7.7,74.4,14.1,3.8,0.0,Incumbent,51-7032.00,3,08/2021,Analyst,14.0965
47-2161.00,Plasterers and Stucco Masons,70.0,7.1,74.3,18.6,0.0,0.0,Incumbent,47-2161.00,1,07/2015,Analyst,14.424999999999999
29-1229.03,Urologists,46.0,6.5,73.9,15.2,2.2,2.2,Incumbent,29-1229.03,5,08/2023,Analyst,14.061000000000002
11-9171.00,Funeral Home Managers,52.0,17.3,73.1,7.7,1.9,0.0,,11-9171.00,3,08/2024,Analyst,13.609999999999998
47-2171.00,Reinforcing Iron and Rebar Workers,66.0,12.1,72.7,13.6,0.0,1.5,Incumbent,47-2171.00,2,07/2015,Analyst,13.878000000000002
29-1011.00,Chiropractors,61.0,13.1,72.1,9.8,4.9,0.0,Incumbent,29-1011.00,5,07/2013,Analyst,13.507499999999999
27-3092.00,Court Reporters and Simultaneous Captioners,64.0,10.9,71.9,9.4,6.3,1.6,,27-3092.00,3,08/2020,Analyst,13.380500000000003
51-6041.00,Shoe and Leather Workers and Repairers,49.0,10.2,71.4,14.3,4.1,0.0,Incumbent,51-6041.00,2,08/2022,Analyst,13.680000000000001
29-1218.00,Obstetricians and Gynecologists,56.0,21.4,71.4,5.4,0.0,1.8,Incumbent,29-1218.00,5,08/2023,Analyst,13.239
29-1241.00,"Ophthalmologists, Except Pediatric",49.0,6.1,71.4,16.3,2.0,4.1,,29-1241.00,5,08/2022,Analyst,13.716500000000002
47-5023.00,"Earth Drillers, Except Oil and Gas",52.0,9.6,71.2,17.3,1.9,0.0,Incumbent,47-5023.00,2,07/2017,Analyst,13.872000000000002
51-6052.00,"Tailors, Dressmakers, and Custom Sewers",65.0,13.8,70.8,7.7,6.2,1.5,Incumbent,51-6052.00,2,08/2020,Analyst,13.1355
29-1081.00,Podiatrists,72.0,15.3,70.8,9.7,4.2,0.0,Incumbent,29-1081.00,5,08/2022,Analyst,13.340499999999999
13-1074.00,Farm Labor Contractors,57.0,15.8,70.2,10.5,3.5,0.0,Incumbent,13-1074.00,2,06/2008,Analyst,13.318000000000001
51-5111.00,Prepress Technicians and Workers,97.0,13.4,70.1,11.3,4.1,1.0,Incumbent,51-5111.00,3,07/2016,Analyst,13.299999999999999
27-1013.00,"Fine Artists, Including Painters, Sculptors, and Illustrators",50.0,14.0,70.0,10.0,4.0,2.0,Incumbent,27-1013.00,3,07/2017,Analyst,13.19
27-2042.00,Musicians and Singers,149.0,12.8,69.8,9.4,6.7,1.3,,27-2042.00,4,08/2022,Analyst,13.0825
47-2072.00,Pile Driver Operators,69.0,13.0,69.6,15.9,1.4,0.0,,47-2072.00,2,08/2018,Analyst,13.580499999999999
51-4111.00,Tool and Die Makers,55.0,18.2,69.1,5.5,7.3,0.0,Incumbent,51-4111.00,3,08/2021,Analyst,12.796999999999999
29-1216.00,General Internal Medicine Physicians,58.0,13.8,69.0,10.3,6.9,0.0,,29-1216.00,5,08/2021,Analyst,13.054
45-4022.00,Logging Equipment Operators,58.0,15.5,69.0,8.6,5.2,1.7,Incumbent,45-4022.00,1,07/2017,Analyst,12.952
29-1023.00,Orthodontists,64.0,15.6,68.8,7.8,4.7,3.1,Incumbent,29-1023.00,5,08/2023,Analyst,12.8505
53-5021.00,"Captains, Mates, and Pilots of Water Vessels",252.0,14.3,68.3,13.9,2.8,0.8,,53-5021.00,3,08/2022,Analyst,13.235499999999998
51-9195.04,"Glass Blowers, Molders, Benders, and Finishers",66.0,15.2,68.2,15.2,1.5,0.0,Incumbent,51-9195.04,2,07/2015,Analyst,13.3495
25-1063.00,"Economics Teachers, Postsecondary",72.0,12.5,68.1,11.1,8.3,0.0,Incumbent,25-1063.00,5,08/2019,Analyst,12.936999999999998
47-2121.00,Glaziers,78.0,20.5,67.9,5.1,6.4,0.0,Incumbent,47-2121.00,2,08/2023,Analyst,12.623500000000002
51-9194.00,Etchers and Engravers,65.0,13.8,67.7,13.8,4.6,0.0,Incumbent,51-9194.00,2,07/2017,Analyst,13.119
47-2081.00,Drywall and Ceiling Tile Installers,71.0,12.7,67.6,14.1,2.8,2.8,Incumbent,47-2081.00,2,07/2016,Analyst,13.085499999999998
29-1213.00,Dermatologists,77.0,14.3,67.5,10.4,3.9,3.9,Incumbent,29-1213.00,5,08/2021,Analyst,12.8075
27-2041.00,Music Directors and Composers,141.0,16.3,67.4,12.8,2.8,0.7,,27-2041.00,4,08/2022,Analyst,13.049000000000001
25-2012.00,"Kindergarten Teachers, Except Special Education",101.0,15.8,67.3,9.9,6.9,0.0,Incumbent,25-2012.00,4,08/2018,Analyst,12.790999999999999
29-1021.00,"Dentists, General",73.0,13.7,67.1,9.6,6.8,2.7,Incumbent,29-1021.00,5,07/2014,Analyst,12.667999999999997
43-5052.00,Postal Service Mail Carriers,109.0,12.8,67.0,11.9,8.3,0.0,Incumbent,43-5052.00,2,07/2016,Analyst,12.827
47-2053.00,Terrazzo Workers and Finishers,63.0,15.9,66.7,14.3,1.6,1.6,Incumbent,47-2053.00,2,07/2015,Analyst,13.0395
13-1032.00,"Insurance Appraisers, Auto Damage",57.0,21.1,66.7,8.8,3.5,0.0,Incumbent,13-1032.00,3,07/2016,Analyst,12.7375
17-1021.00,Cartographers and Photogrammetrists,60.0,10.0,66.7,20.0,3.3,0.0,Incumbent,17-1021.00,4,08/2018,Analyst,13.355500000000001
29-1221.00,"Pediatricians, General",65.0,18.5,66.2,13.8,0.0,1.5,Incumbent,29-1221.00,5,08/2020,Analyst,12.982000000000001
25-1122.00,"Communications Teachers, Postsecondary",65.0,16.9,66.2,10.8,4.6,1.5,Incumbent,25-1122.00,5,08/2019,Analyst,12.702000000000002
45-2021.00,Animal Breeders,53.0,15.1,66.0,17.0,1.9,0.0,Incumbent,45-2021.00,2,08/2018,Analyst,13.127500000000001
27-1023.00,Floral Designers,50.0,14.0,66.0,16.0,4.0,0.0,Incumbent,27-1023.00,2,07/2015,Analyst,13.020000000000001
51-9071.06,Gem and Diamond Workers,75.0,16.0,65.3,12.0,5.3,1.3,Incumbent,51-9071.06,3,06/2008,Analyst,12.6275
25-1031.00,"Architecture Teachers, Postsecondary",69.0,13.0,65.2,11.6,8.7,1.4,Incumbent,25-1031.00,5,08/2019,Analyst,12.5035
51-7031.00,"Model Makers, Wood",46.0,21.7,65.2,2.2,4.3,6.5,Incumbent,51-7031.00,3,08/2024,Analyst,11.943500000000002
47-2051.00,Cement Masons and Concrete Finishers,63.0,19.0,65.1,7.9,7.9,0.0,Incumbent,47-2051.00,1,08/2018,Analyst,12.347999999999999
47-2044.00,Tile and Stone Setters,57.0,19.3,64.9,14.0,1.8,0.0,,47-2044.00,2,08/2023,Analyst,12.811000000000002
33-2022.00,Forest Fire Inspectors and Prevention Specialists,57.0,17.5,64.9,12.3,5.3,0.0,Incumbent,33-2022.00,3,08/2019,Analyst,12.63
29-2011.00,Medical and Clinical Laboratory Technologists,108.0,19.4,64.8,14.8,0.9,0.0,Incumbent,29-2011.00,4,07/2013,Analyst,12.860499999999998
25-1124.00,"Foreign Language and Literature Teachers, Postsecondary",71.0,16.9,64.8,12.7,5.6,0.0,Incumbent,25-1124.00,5,08/2019,Analyst,12.630499999999998
25-1051.00,"Atmospheric, Earth, Marine, and Space Sciences Teachers, Postsecondary",110.0,17.3,64.5,9.1,8.2,0.9,Incumbent,25-1051.00,5,08/2019,Analyst,12.2985
45-1011.00,"First-Line Supervisors of Farming, Fishing, and Forestry Workers",297.0,19.5,64.0,11.4,3.7,1.3,,45-1011.00,3,08/2022,Analyst,12.4525
29-1229.01,Allergists and Immunologists,72.0,16.7,63.9,13.9,2.8,2.8,Incumbent,29-1229.01,5,08/2022,Analyst,12.5595
43-5051.00,Postal Service Clerks,97.0,22.7,63.9,8.2,4.1,1.0,Incumbent,43-5051.00,2,07/2016,Analyst,12.2615
41-3041.00,Travel Agents,69.0,23.2,63.8,7.2,5.8,0.0,Incumbent,41-3041.00,3,07/2016,Analyst,12.182999999999998
47-2132.00,"Insulation Workers, Mechanical",88.0,26.1,63.6,8.0,1.1,1.1,Incumbent,47-2132.00,2,08/2023,Analyst,12.280500000000002
51-4194.00,"Tool Grinders, Filers, and Sharpeners",71.0,25.4,63.4,5.6,4.2,1.4,Incumbent,51-4194.00,2,07/2016,Analyst,12.036999999999999
29-1291.00,Acupuncturists,49.0,20.4,63.3,10.2,4.1,2.0,Incumbent,29-1291.00,5,08/2020,Analyst,12.260499999999999
29-1022.00,Oral and Maxillofacial Surgeons,60.0,21.7,63.3,15.0,0.0,0.0,Incumbent,29-1022.00,5,07/2012,Analyst,12.687
51-6092.00,Fabric and Apparel Patternmakers,60.0,20.0,63.3,5.0,8.3,3.3,Incumbent,51-6092.00,3,07/2016,Analyst,11.827499999999999
25-1054.00,"Physics Teachers, Postsecondary",122.0,27.0,63.1,6.6,2.5,0.8,Incumbent,25-1054.00,5,08/2019,Analyst,12.1105
51-9151.00,Photographic Process Workers and Processing Machine Operators,67.0,19.4,62.7,11.9,6.0,0.0,,51-9151.00,2,07/2017,Analyst,12.2825
19-2012.00,Physicists,59.0,20.3,62.7,13.6,3.4,0.0,Incumbent,19-2012.00,5,08/2020,Analyst,12.441
47-2211.00,Sheet Metal Workers,51.0,9.8,62.7,19.6,5.9,2.0,Incumbent,47-2211.00,2,08/2023,Analyst,12.6485
49-3042.00,"Mobile Heavy Equipment Mechanics, Except Engines",152.0,18.4,62.5,15.8,2.6,0.7,Incumbent,49-3042.00,3,07/2017,Analyst,12.533
47-2041.00,Carpet Installers,85.0,18.8,62.4,14.1,2.4,2.4,Incumbent,47-2041.00,2,07/2011,Analyst,12.382499999999999
51-4034.00,"Lathe and Turning Machine Tool Setters, Operators, and Tenders, Metal and Plastic",69.0,15.9,62.3,14.5,5.8,1.4,Incumbent,51-4034.00,2,08/2024,Analyst,12.3295
11-1021.00,General and Operations Managers,82.0,22.0,62.2,14.6,1.2,0.0,Incumbent,11-1021.00,4,08/2023,Analyst,12.481000000000002
47-2022.00,Stonemasons,98.0,23.5,62.2,12.2,1.0,1.0,Incumbent,47-2022.00,3,12/2005,Analyst,12.321000000000002
49-2091.00,Avionics Technicians,87.0,21.8,62.1,11.5,3.4,1.1,Incumbent,49-2091.00,3,07/2015,Analyst,12.2055
25-2032.00,"Career/Technical Education Teachers, Secondary School",116.0,21.6,62.1,12.9,2.6,0.9,Incumbent,25-2032.00,4,08/2018,Analyst,12.3145
47-2142.00,Paperhangers,105.0,19.0,61.9,10.5,8.6,0.0,Incumbent,47-2142.00,2,06/2008,Analyst,12.0285
51-4192.00,"Layout Workers, Metal and Plastic",63.0,19.0,61.9,14.3,4.8,0.0,Incumbent,51-4192.00,2,08/2018,Analyst,12.3325
39-2011.00,Animal Trainers,118.0,11.9,61.9,22.9,3.4,0.0,Incumbent,39-2011.00,2,07/2014,Analyst,12.843499999999999
51-2061.00,Timing Device Assemblers and Adjusters,55.0,18.2,61.8,12.7,5.4,1.8,Incumbent,51-2061.00,2,06/2008,Analyst,12.158499999999998
49-3021.00,Automotive Body and Related Repairers,47.0,25.5,61.7,2.1,8.5,2.1,Incumbent,49-3021.00,2,08/2019,Analyst,11.475000000000001
51-4032.00,"Drilling and Boring Machine Tool Setters, Operators, and Tenders, Metal and Plastic",86.0,18.6,61.6,14.0,5.8,0.0,Incumbent,51-4032.00,2,08/2022,Analyst,12.249
43-4181.00,Reservation and Transportation Ticket Agents and Travel Clerks,65.0,18.5,61.5,10.8,7.7,1.5,Incumbent,43-4181.00,2,07/2013,Analyst,11.9665
29-1211.00,Anesthesiologists,101.0,22.8,61.4,11.9,2.0,2.0,Incumbent,29-1211.00,5,07/2012,Analyst,12.1435
53-7021.00,Crane and Tower Operators,108.0,14.8,61.1,19.4,3.7,0.9,Incumbent,53-7021.00,3,07/2015,Analyst,12.4985
53-2021.00,Air Traffic Controllers,159.0,26.4,61.0,9.4,3.1,0.0,Incumbent,53-2021.00,3,07/2014,Analyst,11.9765
53-4013.00,"Rail Yard Engineers, Dinkey Operators, and Hostlers",79.0,25.3,60.8,10.1,3.8,0.0,Incumbent,53-4013.00,2,08/2021,Analyst,11.972499999999998
47-1011.00,First-Line Supervisors of Construction Trades and Extraction Workers,99.0,20.2,60.6,14.1,4.0,1.0,Incumbent,47-1011.00,3,08/2020,Analyst,12.1265
51-8031.00,Water and Wastewater Treatment Plant and System Operators,81.0,21.0,60.5,16.0,2.5,0.0,Incumbent,51-8031.00,3,08/2018,Analyst,12.2875
47-2042.00,"Floor Layers, Except Carpet, Wood, and Hard Tiles",81.0,21.0,60.5,14.8,3.7,0.0,Incumbent,47-2042.00,2,12/2005,Analyst,12.1915
43-9051.00,"Mail Clerks and Mail Machine Operators, Except Postal Service",86.0,19.8,60.5,12.8,5.8,1.2,Incumbent,43-9051.00,2,07/2016,Analyst,11.996
51-3021.00,Butchers and Meat Cutters,81.0,23.5,60.5,7.4,2.5,6.2,Incumbent,51-3021.00,2,07/2016,Analyst,11.6315
29-2033.00,Nuclear Medicine Technologists,133.0,16.5,60.2,20.3,3.0,0.0,Incumbent,29-2033.00,3,07/2013,Analyst,12.469500000000002
53-4011.00,Locomotive Engineers,65.0,15.4,60.0,15.4,7.7,1.5,Incumbent,53-4011.00,2,07/2015,Analyst,12.0095
27-2012.04,Talent Directors,65.0,20.0,60.0,10.8,9.2,0.0,Incumbent,27-2012.04,4,08/2019,Analyst,11.764
49-3023.00,Automotive Service Technicians and Mechanics,120.0,26.7,60.0,10.0,3.3,0.0,,49-3023.00,3,08/2022,Analyst,11.8675
51-2022.00,Electrical and Electronic Equipment Assemblers,72.0,27.8,59.7,12.5,0.0,0.0,Incumbent,51-2022.00,2,07/2013,Analyst,12.0455
23-1011.00,Lawyers,72.0,18.1,59.7,5.6,15.3,1.4,Incumbent,23-1011.00,5,08/2024,Analyst,11.2445
53-1043.00,First-Line Supervisors of Material-Moving Machine and Vehicle Operators,52.0,26.9,59.6,11.5,1.9,0.0,,53-1043.00,3,08/2023,Analyst,11.926
49-3052.00,Motorcycle Mechanics,52.0,15.4,59.6,11.5,13.5,0.0,Incumbent,49-3052.00,3,08/2021,Analyst,11.639
49-9021.00,"Heating, Air Conditioning, and Refrigeration Mechanics and Installers",111.0,18.0,59.5,14.4,6.3,1.8,,49-9021.00,3,08/2022,Analyst,11.9105
49-3011.00,Aircraft Mechanics and Service Technicians,91.0,25.3,59.3,11.0,2.2,2.2,Incumbent,49-3011.00,3,07/2013,Analyst,11.786
49-9051.00,Electrical Power-Line Installers and Repairers,71.0,16.9,59.2,16.9,5.6,1.4,Incumbent,49-9051.00,2,08/2021,Analyst,12.035499999999999
45-4023.00,Log Graders and Scalers,76.0,23.7,59.2,9.2,7.9,0.0,Incumbent,45-4023.00,2,07/2017,Analyst,11.5965
27-2012.05,Media Technical Directors/Managers,49.0,22.4,59.2,14.3,4.1,0.0,,27-2012.05,4,08/2019,Analyst,11.972
51-7021.00,Furniture Finishers,71.0,25.4,59.2,8.5,5.6,1.4,Incumbent,51-7021.00,2,07/2017,Analyst,11.5765
13-1031.00,"Claims Adjusters, Examiners, and Investigators",125.0,26.4,59.2,8.8,4.0,1.6,,13-1031.00,4,08/2022,Analyst,11.624
29-2055.00,Surgical Technologists,93.0,16.1,59.1,18.3,6.5,0.0,Incumbent,29-2055.00,3,07/2013,Analyst,12.118
17-3024.00,Electro-Mechanical and Mechatronics Technologists and Technicians,117.0,23.1,59.0,13.7,4.3,0.0,,17-3024.00,3,08/2022,Analyst,11.908999999999999
39-4011.00,Embalmers,56.0,26.8,58.9,12.5,1.8,0.0,Incumbent,39-4011.00,3,08/2021,Analyst,11.8885
49-9011.00,Mechanical Door Repairers,112.0,22.3,58.9,17.9,0.9,0.0,Incumbent,49-9011.00,2,07/2015,Analyst,12.208
45-2093.00,"Farmworkers, Farm, Ranch, and Aquacultural Animals",87.0,31.0,58.6,5.7,4.6,0.0,Incumbent,45-2093.00,2,08/2019,Analyst,11.3995
39-1013.00,First-Line Supervisors of Gambling Services Workers,94.0,25.5,58.5,10.6,4.3,1.1,,39-1013.00,2,08/2022,Analyst,11.6325
21-2011.00,Clergy,65.0,29.2,58.5,10.8,1.5,0.0,Incumbent,21-2011.00,5,08/2023,Analyst,11.746500000000001
25-1022.00,"Mathematical Science Teachers, Postsecondary",118.0,24.6,58.5,11.9,4.2,0.8,Incumbent,25-1022.00,5,08/2019,Analyst,11.7155
47-2043.00,Floor Sanders and Finishers,55.0,30.9,58.2,7.3,3.6,0.0,Incumbent,47-2043.00,1,08/2021,Analyst,11.4595
25-2021.00,"Elementary School Teachers, Except Special Education",62.0,19.4,58.1,14.5,8.1,0.0,Incumbent,25-2021.00,4,08/2024,Analyst,11.732000000000001
49-2021.00,"Radio, Cellular, and Tower Equipment Installers and Repairers",62.0,19.4,58.1,16.1,6.5,0.0,Incumbent,49-2021.00,3,08/2022,Analyst,11.860000000000001
47-2011.00,Boilermakers,69.0,24.6,58.0,14.5,2.9,0.0,Incumbent,47-2011.00,3,07/2015,Analyst,11.844999999999999
25-2023.00,"Career/Technical Education Teachers, Middle School",69.0,24.6,58.0,13.0,4.3,0.0,Incumbent,25-2023.00,4,08/2018,Analyst,11.724499999999999
49-2092.00,"Electric Motor, Power Tool, and Related Repairers",69.0,18.8,58.0,15.9,5.8,1.4,Incumbent,49-2092.00,3,07/2017,Analyst,11.804499999999999
51-8011.00,Nuclear Power Reactor Operators,116.0,23.3,57.8,14.7,4.3,0.0,Incumbent,51-8011.00,3,07/2014,Analyst,11.796
33-1021.00,First-Line Supervisors of Firefighting and Prevention Workers,244.0,22.1,57.8,14.8,4.1,1.2,,33-1021.00,3,08/2022,Analyst,11.767499999999998
51-6031.00,Sewing Machine Operators,111.0,17.1,57.7,15.3,9.0,0.9,Incumbent,51-6031.00,1,07/2017,Analyst,11.6675
51-9011.00,Chemical Equipment Operators and Tenders,66.0,25.8,57.6,13.6,1.5,1.5,Incumbent,51-9011.00,2,07/2015,Analyst,11.7295
25-1126.00,"Philosophy and Religion Teachers, Postsecondary",99.0,24.2,57.6,13.1,4.0,1.0,Incumbent,25-1126.00,5,08/2019,Analyst,11.6515
27-4012.00,Broadcast Technicians,66.0,19.7,57.6,10.6,12.1,0.0,Incumbent,27-4012.00,3,08/2019,Analyst,11.3445
43-9021.00,Data Entry Keyers,54.0,11.1,57.4,24.1,7.4,0.0,Incumbent,43-9021.00,2,08/2018,Analyst,12.176499999999999
51-4041.00,Machinists,82.0,18.3,57.3,13.4,11.0,0.0,Incumbent,51-4041.00,3,08/2020,Analyst,11.484
25-1064.00,"Geography Teachers, Postsecondary",110.0,20.9,57.3,20.0,1.8,0.0,Incumbent,25-1064.00,5,08/2019,Analyst,12.077
43-5053.00,"Postal Service Mail Sorters, Processors, and Processing Machine Operators",105.0,23.8,57.1,9.5,7.6,1.9,Incumbent,43-5053.00,2,07/2016,Analyst,11.2665
19-1029.04,Biologists,56.0,25.0,57.1,12.5,3.6,1.8,Incumbent,19-1029.04,5,08/2018,Analyst,11.537500000000001
25-1021.00,"Computer Science Teachers, Postsecondary",91.0,31.9,57.1,8.8,2.2,0.0,Incumbent,25-1021.00,5,08/2019,Analyst,11.423
27-3011.00,Broadcast Announcers and Radio Disc Jockeys,79.0,22.8,57.0,13.9,5.1,1.3,,27-3011.00,4,07/2016,Analyst,11.581
29-2034.00,Radiologic Technologists and Technicians,135.0,25.9,57.0,15.6,0.7,0.7,,29-2034.00,3,08/2022,Analyst,11.7965
49-9031.00,Home Appliance Repairers,65.0,23.1,56.9,15.4,4.6,0.0,Incumbent,49-9031.00,2,08/2018,Analyst,11.698
41-4012.00,"Sales Representatives, Wholesale and Manufacturing, Except Technical and Scientific Products",65.0,24.6,56.9,3.1,10.8,4.6,Incumbent,41-4012.00,4,08/2020,Analyst,10.7285
25-1125.00,"History Teachers, Postsecondary",65.0,18.5,56.9,21.5,3.1,0.0,Incumbent,25-1125.00,5,08/2019,Analyst,12.071
51-9124.00,"Coating, Painting, and Spraying Machine Setters, Operators, and Tenders",108.0,19.4,56.5,13.9,8.3,1.9,Incumbent,51-9124.00,2,08/2022,Analyst,11.41
47-2152.00,"Plumbers, Pipefitters, and Steamfitters",124.0,23.4,56.5,13.7,4.8,1.6,,47-2152.00,3,08/2022,Analyst,11.4955
29-2012.00,Medical and Clinical Laboratory Technicians,124.0,24.2,56.5,11.3,6.5,1.6,Incumbent,29-2012.00,3,07/2014,Analyst,11.324
51-9082.00,Medical Appliance Technicians,94.0,20.2,56.4,18.1,4.3,1.1,Incumbent,51-9082.00,3,07/2015,Analyst,11.754
47-4021.00,Elevator and Escalator Installers and Repairers,55.0,16.4,56.4,20.0,7.3,0.0,,47-4021.00,3,08/2023,Analyst,11.8165
25-4012.00,Curators,101.0,27.7,56.4,10.9,5.0,0.0,Incumbent,25-4012.00,5,08/2018,Analyst,11.3705
25-1043.00,"Forestry and Conservation Science Teachers, Postsecondary",64.0,34.4,56.3,4.7,4.7,0.0,Incumbent,25-1043.00,5,08/2020,Analyst,11.026
25-1065.00,"Political Science Teachers, Postsecondary",103.0,25.2,56.3,14.6,3.9,0.0,Incumbent,25-1065.00,5,08/2019,Analyst,11.5875
29-1217.00,Neurologists,64.0,23.4,56.3,12.5,1.6,6.3,Incumbent,29-1217.00,5,07/2012,Analyst,11.343499999999999
51-8021.00,Stationary Engineers and Boiler Operators,66.0,27.3,56.1,10.6,4.5,1.5,Incumbent,51-8021.00,3,08/2023,Analyst,11.2795
49-3051.00,Motorboat Mechanics and Service Technicians,107.0,29.9,56.1,11.2,2.8,0.0,Incumbent,49-3051.00,3,07/2015,Analyst,11.4
29-2032.00,Diagnostic Medical Sonographers,116.0,22.4,56.0,17.2,4.3,0.0,Incumbent,29-2032.00,3,07/2013,Analyst,11.6755
25-2057.00,"Special Education Teachers, Middle School",93.0,21.5,55.9,10.8,10.8,1.1,Incumbent,25-2057.00,4,08/2018,Analyst,11.120000000000001
29-1126.00,Respiratory Therapists,113.0,28.3,55.8,11.5,4.4,0.0,Incumbent,29-1126.00,3,07/2013,Analyst,11.334499999999998
29-1131.00,Veterinarians,77.0,26.0,55.8,10.4,3.9,3.9,Incumbent,29-1131.00,5,08/2020,Analyst,11.1695
49-9091.00,"Coin, Vending, and Amusement Machine Servicers and Repairers",70.0,20.0,55.7,18.6,4.3,1.4,Incumbent,49-9091.00,2,07/2017,Analyst,11.671500000000002
53-4031.00,Railroad Conductors and Yardmasters,79.0,22.8,55.7,20.3,1.3,0.0,Incumbent,53-4031.00,2,07/2013,Analyst,11.885000000000002
29-1292.00,Dental Hygienists,54.0,18.5,55.6,16.7,9.3,0.0,Incumbent,29-1292.00,3,08/2021,Analyst,11.473
19-1032.00,Foresters,74.0,25.7,55.4,13.5,5.4,0.0,Incumbent,19-1032.00,4,08/2023,Analyst,11.363499999999998
25-1123.00,"English Language and Literature Teachers, Postsecondary",101.0,21.8,55.4,17.8,5.0,0.0,Incumbent,25-1123.00,5,08/2019,Analyst,11.61
51-8091.00,Chemical Plant and System Operators,103.0,23.3,55.3,15.5,3.9,1.9,Incumbent,51-8091.00,2,07/2015,Analyst,11.437
25-1112.00,"Law Teachers, Postsecondary",103.0,28.2,55.3,14.6,1.9,0.0,Incumbent,25-1112.00,5,08/2019,Analyst,11.4975
19-1031.02,Range Managers,58.0,24.1,55.2,10.3,10.3,0.0,Incumbent,19-1031.02,4,08/2020,Analyst,11.034
29-1229.06,Sports Medicine Physicians,67.0,23.9,55.2,16.4,3.0,1.5,Incumbent,29-1229.06,5,07/2012,Analyst,11.51
47-2221.00,Structural Iron and Steel Workers,105.0,24.8,55.2,13.3,5.7,1.0,Incumbent,47-2221.00,2,07/2015,Analyst,11.287
51-4081.00,"Multiple Machine Tool Setters, Operators, and Tenders, Metal and Plastic",51.0,31.4,54.9,9.8,3.9,0.0,Incumbent,51-4081.00,2,08/2021,Analyst,11.1275
29-1127.00,Speech-Language Pathologists,71.0,22.5,54.9,15.5,7.0,0.0,Incumbent,29-1127.00,5,08/2022,Analyst,11.3605
25-1053.00,"Environmental Science Teachers, Postsecondary",164.0,28.7,54.9,10.4,5.5,0.6,Incumbent,25-1053.00,5,08/2019,Analyst,11.105500000000001
45-2091.00,Agricultural Equipment Operators,71.0,22.5,54.9,18.3,4.2,0.0,Incumbent,45-2091.00,1,08/2019,Analyst,11.5845
11-3051.04,Biomass Power Plant Managers,62.0,24.2,54.8,16.1,4.8,0.0,Incumbent,11-3051.04,4,08/2020,Analyst,11.4345
25-2058.00,"Special Education Teachers, Secondary School",117.0,19.7,54.7,17.1,7.7,0.9,Incumbent,25-2058.00,4,08/2018,Analyst,11.382000000000001
13-1011.00,"Agents and Business Managers of Artists, Performers, and Athletes",64.0,14.1,54.7,20.3,9.4,1.6,Incumbent,13-1011.00,4,08/2020,Analyst,11.494500000000002
25-2031.00,"Secondary School Teachers, Except Special and Career/Technical Education",119.0,18.5,54.6,16.0,10.9,0.0,Incumbent,25-2031.00,4,08/2018,Analyst,11.2515
25-1011.00,"Business Teachers, Postsecondary",105.0,23.8,54.3,20.0,1.9,0.0,Incumbent,25-1011.00,5,08/2019,Analyst,11.6545
49-9043.00,"Maintenance Workers, Machinery",61.0,31.1,54.1,8.2,6.6,0.0,Incumbent,49-9043.00,3,08/2024,Analyst,10.860000000000001
53-6051.01,Aviation Inspectors,50.0,34.0,54.0,12.0,0.0,0.0,Incumbent,53-6051.01,3,08/2021,Analyst,11.219999999999999
13-2072.00,Loan Officers,63.0,31.7,54.0,11.1,3.2,0.0,Incumbent,13-2072.00,4,08/2020,Analyst,11.090499999999999
25-3011.00,"Adult Basic Education, Adult Secondary Education, and English as a Second Language Instructors",65.0,20.0,53.8,15.4,10.8,0.0,,25-3011.00,4,08/2018,Analyst,11.109
51-6093.00,Upholsterers,56.0,16.1,53.6,16.1,12.5,1.8,Incumbent,51-6093.00,2,07/2016,Analyst,11.026
25-1042.00,"Biological Science Teachers, Postsecondary",114.0,23.7,53.5,19.3,3.5,0.0,Incumbent,25-1042.00,5,08/2019,Analyst,11.464
29-2031.00,Cardiovascular Technologists and Technicians,103.0,25.2,53.4,14.6,5.8,1.0,Incumbent,29-2031.00,3,07/2014,Analyst,11.104
11-9041.00,Architectural and Engineering Managers,60.0,21.7,53.3,20.0,5.0,0.0,Incumbent,11-9041.00,5,08/2020,Analyst,11.437
53-1041.00,Aircraft Cargo Handling Supervisors,60.0,31.7,53.3,15.0,0.0,0.0,Incumbent,53-1041.00,2,07/2016,Analyst,11.286999999999999
53-5031.00,Ship Engineers,47.0,19.1,53.2,21.3,6.4,0.0,Incumbent,53-5031.00,3,08/2024,Analyst,11.4595
31-9093.00,Medical Equipment Preparers,79.0,25.3,53.2,15.2,6.3,0.0,Incumbent,31-9093.00,2,07/2014,Analyst,11.1265
19-3034.00,School Psychologists,62.0,29.0,53.2,16.1,1.6,0.0,Incumbent,19-3034.00,5,08/2019,Analyst,11.290500000000002
53-7031.00,Dredge Operators,81.0,24.7,53.1,12.3,9.9,0.0,Incumbent,53-7031.00,2,06/2008,Analyst,10.863000000000001
17-3013.00,Mechanical Drafters,81.0,23.5,53.1,14.8,8.6,0.0,Incumbent,17-3013.00,3,07/2017,Analyst,11.033000000000001
47-4051.00,Highway Maintenance Workers,70.0,21.4,52.9,14.3,4.3,7.1,Incumbent,47-4051.00,2,07/2017,Analyst,10.872
29-2061.00,Licensed Practical and Licensed Vocational Nurses,102.0,23.5,52.9,11.8,8.8,2.9,Incumbent,29-2061.00,3,08/2021,Analyst,10.745000000000001
47-2151.00,Pipelayers,85.0,23.5,52.9,20.0,2.4,1.2,Incumbent,47-2151.00,2,07/2015,Analyst,11.41
39-4031.00,"Morticians, Undertakers, and Funeral Arrangers",70.0,21.4,52.9,17.1,8.6,0.0,,39-4031.00,3,08/2024,Analyst,11.1315
31-9094.00,Medical Transcriptionists,51.0,23.5,52.9,9.8,11.8,2.0,Incumbent,31-9094.00,3,08/2021,Analyst,10.59
27-4011.00,Audio and Video Technicians,70.0,30.0,52.9,12.9,4.3,0.0,,27-4011.00,3,08/2018,Analyst,11.011000000000001
25-1052.00,"Chemistry Teachers, Postsecondary",102.0,27.5,52.9,15.7,3.9,0.0,Incumbent,25-1052.00,5,08/2019,Analyst,11.172
43-9081.00,Proofreaders and Copy Markers,53.0,30.2,52.8,9.4,7.5,0.0,Incumbent,43-9081.00,4,07/2016,Analyst,10.718499999999999
51-4062.00,"Patternmakers, Metal and Plastic",72.0,26.4,52.8,13.9,6.9,0.0,Incumbent,51-4062.00,3,07/2017,Analyst,10.983999999999998
49-9064.00,Watch and Clock Repairers,53.0,24.5,52.8,20.8,1.9,0.0,,49-9064.00,3,08/2018,Analyst,11.488499999999998
51-9162.00,Computer Numerically Controlled Tool Programmers,72.0,23.6,52.8,16.7,5.6,1.4,,51-9162.00,3,07/2016,Analyst,11.131499999999999
47-2111.00,Electricians,57.0,29.8,52.6,10.5,7.0,0.0,Incumbent,47-2111.00,3,08/2022,Analyst,10.7635
51-9196.00,"Paper Goods Machine Setters, Operators, and Tenders",82.0,30.5,52.4,7.3,9.8,0.0,Incumbent,51-9196.00,2,08/2018,Analyst,10.4925
51-2051.00,Fiberglass Laminators and Fabricators,65.0,18.5,52.3,6.2,23.1,0.0,Incumbent,51-2051.00,2,08/2020,Analyst,10.088499999999998
25-1061.00,"Anthropology and Archeology Teachers, Postsecondary",109.0,18.3,52.3,20.2,7.3,1.8,Incumbent,25-1061.00,5,08/2019,Analyst,11.193499999999998
49-9045.00,"Refractory Materials Repairers, Except Brickmasons",92.0,22.8,52.2,16.3,8.7,0.0,Incumbent,49-9045.00,2,06/2007,Analyst,10.987
23-2093.00,"Title Examiners, Abstractors, and Searchers",48.0,22.9,52.1,16.7,6.3,2.1,Incumbent,23-2093.00,2,07/2017,Analyst,10.995000000000001
53-2011.00,"Airline Pilots, Copilots, and Flight Engineers",75.0,37.3,52.0,5.3,4.0,1.3,Incumbent,53-2011.00,4,08/2021,Analyst,10.429499999999999
49-3022.00,Automotive Glass Installers and Repairers,50.0,30.0,52.0,10.0,6.0,2.0,Incumbent,49-3022.00,2,07/2014,Analyst,10.62
37-1012.00,"First-Line Supervisors of Landscaping, Lawn Service, and Groundskeeping Workers",54.0,29.6,51.9,13.0,5.6,0.0,Incumbent,37-1012.00,3,08/2021,Analyst,10.844000000000001
49-2097.00,Audiovisual Equipment Installers and Repairers,56.0,25.0,51.8,16.1,7.1,0.0,,49-2097.00,3,08/2023,Analyst,10.959999999999999
17-2199.05,Mechatronics Engineers,58.0,34.5,51.7,6.9,5.2,1.7,Incumbent,17-2199.05,4,08/2022,Analyst,10.4365
37-3013.00,Tree Trimmers and Pruners,60.0,26.7,51.7,10.0,11.7,0.0,Incumbent,37-3013.00,2,08/2018,Analyst,10.498500000000002
27-3042.00,Technical Writers,89.0,27.0,51.7,12.4,9.0,0.0,Incumbent,27-3042.00,4,07/2012,Analyst,10.698000000000002
25-1121.00,"Art, Drama, and Music Teachers, Postsecondary",145.0,18.6,51.7,25.5,3.4,0.7,Incumbent,25-1121.00,5,08/2019,Analyst,11.531500000000001
27-3091.00,Interpreters and Translators,62.0,21.0,51.6,17.7,8.1,1.6,Incumbent,27-3091.00,4,08/2021,Analyst,10.947000000000001
19-4099.03,Remote Sensing Technicians,68.0,32.4,51.5,13.2,2.9,0.0,Incumbent,19-4099.03,4,07/2012,Analyst,10.8635
49-9041.00,Industrial Machinery Mechanics,66.0,21.2,51.5,18.2,7.6,1.5,Incumbent,49-9041.00,3,08/2021,Analyst,10.976
39-5011.00,Barbers,66.0,25.8,51.5,6.1,15.2,1.5,Incumbent,39-5011.00,3,08/2018,Analyst,10.1235
11-9071.00,Gambling Managers,76.0,28.9,51.3,9.2,6.6,3.9,,11-9071.00,2,08/2023,Analyst,10.402999999999999
13-1022.00,"Wholesale and Retail Buyers, Except Farm Products",82.0,24.4,51.2,15.9,6.1,2.4,Incumbent,13-1022.00,3,07/2015,Analyst,10.818000000000001
17-3012.00,Electrical and Electronics Drafters,203.0,30.5,51.2,13.8,3.9,0.5,,17-3012.00,3,08/2022,Analyst,10.8115
53-5022.00,Motorboat Operators,49.0,28.6,51.0,18.4,2.0,0.0,Incumbent,53-5022.00,2,08/2023,Analyst,11.102
17-3022.00,Civil Engineering Technologists and Technicians,100.0,20.0,51.0,25.0,4.0,0.0,,17-3022.00,3,07/2017,Analyst,11.415
47-2141.00,"Painters, Construction and Maintenance",112.0,22.3,50.9,18.8,5.4,2.7,Incumbent,47-2141.00,2,07/2014,Analyst,10.947
27-4032.00,Film and Video Editors,57.0,29.8,50.9,8.8,10.5,0.0,Incumbent,27-4032.00,4,08/2020,Analyst,10.347499999999998
25-1082.00,"Library Science Teachers, Postsecondary",57.0,28.1,50.9,12.3,7.0,1.8,Incumbent,25-1082.00,5,08/2019,Analyst,10.5765
25-1067.00,"Sociology Teachers, Postsecondary",106.0,24.5,50.9,15.1,7.5,1.9,Incumbent,25-1067.00,5,08/2019,Analyst,10.708999999999998
11-3031.00,Financial Managers,61.0,24.6,50.8,19.7,3.3,1.6,,11-3031.00,4,08/2022,Analyst,11.065
53-1042.01,Recycling Coordinators,59.0,37.3,50.8,8.5,3.4,0.0,Incumbent,53-1042.01,2,07/2014,Analyst,10.494499999999999
51-7011.00,Cabinetmakers and Bench Carpenters,61.0,23.0,50.8,23.0,0.0,3.3,Incumbent,51-7011.00,2,07/2015,Analyst,11.280999999999999
25-1081.00,"Education Teachers, Postsecondary",61.0,24.6,50.8,19.7,4.9,0.0,Incumbent,25-1081.00,5,08/2019,Analyst,11.072999999999999
27-2012.03,Media Programming Directors,59.0,37.3,50.8,5.1,6.8,0.0,,27-2012.03,4,08/2023,Analyst,10.222499999999998
49-3031.00,Bus and Truck Mechanics and Diesel Engine Specialists,83.0,30.1,50.6,12.0,6.0,1.2,Incumbent,49-3031.00,3,08/2022,Analyst,10.555
47-5022.00,"Excavating and Loading Machine and Dragline Operators, Surface Mining",81.0,33.3,50.6,14.8,1.2,0.0,,47-5022.00,2,07/2013,Analyst,10.865
23-1021.00,"Administrative Law Judges, Adjudicators, and Hearing Officers",77.0,24.7,50.6,15.6,9.1,0.0,Incumbent,23-1021.00,5,08/2020,Analyst,10.714500000000001
25-3021.00,Self-Enrichment Teachers,81.0,23.5,50.6,13.6,11.1,1.2,,25-3021.00,3,08/2019,Analyst,10.5185
51-9195.03,"Stone Cutters and Carvers, Manufacturing",93.0,24.7,50.5,15.1,9.7,0.0,Incumbent,51-9195.03,2,07/2015,Analyst,10.658000000000001
51-9161.00,Computer Numerically Controlled Tool Operators,101.0,30.7,50.5,13.9,5.0,0.0,,51-9161.00,2,08/2023,Analyst,10.7125
19-2031.00,Chemists,62.0,30.6,50.0,14.5,4.8,0.0,Incumbent,19-2031.00,4,08/2023,Analyst,10.6745
43-9031.00,Desktop Publishers,66.0,24.2,50.0,16.7,7.6,1.5,Incumbent,43-9031.00,3,08/2021,Analyst,10.6835
27-2011.00,Actors,50.0,28.0,50.0,8.0,14.0,0.0,Incumbent,27-2011.00,2,07/2017,Analyst,10.09
49-2011.00,"Computer, Automated Teller, and Office Machine Repairers",68.0,19.1,50.0,25.0,5.9,0.0,Incumbent,49-2011.00,3,07/2015,Analyst,11.227500000000001
51-9051.00,"Furnace, Kiln, Oven, Drier, and Kettle Operators and Tenders",78.0,20.5,50.0,20.5,7.7,1.3,Incumbent,51-9051.00,2,07/2015,Analyst,10.896
51-4035.00,"Milling and Planing Machine Setters, Operators, and Tenders, Metal and Plastic",58.0,27.6,50.0,15.5,6.9,0.0,Incumbent,51-4035.00,2,08/2023,Analyst,10.68
51-4072.00,"Molding, Coremaking, and Casting Machine Setters, Operators, and Tenders, Metal and Plastic",104.0,26.0,50.0,12.5,9.6,1.9,Incumbent,51-4072.00,2,07/2016,Analyst,10.3905
43-3061.00,Procurement Clerks,58.0,24.1,50.0,10.3,13.8,1.7,Incumbent,43-3061.00,2,08/2022,Analyst,10.1675
25-1062.00,"Area, Ethnic, and Cultural Studies Teachers, Postsecondary",126.0,23.8,50.0,18.3,5.6,2.4,Incumbent,25-1062.00,5,08/2019,Analyst,10.7975
51-9083.00,Ophthalmic Laboratory Technicians,92.0,31.5,50.0,13.0,5.4,0.0,Incumbent,51-9083.00,2,07/2015,Analyst,10.577
41-3031.00,"Securities, Commodities, and Financial Services Sales Agents",267.0,26.2,49.8,18.4,5.6,0.0,,41-3031.00,4,08/2022,Analyst,10.844
49-9012.00,"Control and Valve Installers and Repairers, Except Mechanical Door",95.0,25.3,49.5,13.7,11.6,0.0,Incumbent,49-9012.00,3,07/2017,Analyst,10.3965
33-1011.00,First-Line Supervisors of Correctional Officers,95.0,27.4,49.5,20.0,3.2,0.0,Incumbent,33-1011.00,3,08/2020,Analyst,10.953
33-2011.00,Firefighters,241.0,24.5,49.4,20.3,5.0,0.8,,33-2011.00,3,08/2022,Analyst,10.8835
25-1193.00,"Recreation and Fitness Studies Teachers, Postsecondary",87.0,37.9,49.4,5.7,6.9,0.0,Incumbent,25-1193.00,5,08/2019,Analyst,10.054
23-2011.00,Paralegals and Legal Assistants,67.0,20.9,49.3,13.4,16.4,0.0,Incumbent,23-2011.00,3,08/2024,Analyst,10.229
33-2021.00,Fire Inspectors and Investigators,136.0,23.5,49.3,18.4,8.8,0.0,,33-2021.00,3,08/2022,Analyst,10.693999999999999
43-5061.00,"Production, Planning, and Expediting Clerks",73.0,27.4,49.3,13.7,8.2,1.4,Incumbent,43-5061.00,2,08/2022,Analyst,10.408499999999998
41-3021.00,Insurance Sales Agents,67.0,23.9,49.3,16.4,7.5,3.0,Incumbent,41-3021.00,4,08/2018,Analyst,10.529499999999999
47-2181.00,Roofers,69.0,29.0,49.3,15.9,4.3,1.4,Incumbent,47-2181.00,2,07/2015,Analyst,10.623999999999999
27-1014.00,Special Effects Artists and Animators,63.0,38.1,49.2,9.5,3.2,0.0,,27-1014.00,4,08/2019,Analyst,10.3305
45-4011.00,Forest and Conservation Workers,65.0,24.6,49.2,16.9,9.2,0.0,Incumbent,45-4011.00,2,08/2023,Analyst,10.5845
47-4031.00,Fence Erectors,61.0,26.2,49.2,14.8,9.8,0.0,Incumbent,47-4031.00,2,08/2019,Analyst,10.457
43-3041.00,Gambling Cage Workers,63.0,23.8,49.2,14.3,12.7,0.0,,43-3041.00,2,08/2023,Analyst,10.357000000000001
41-9021.00,Real Estate Brokers,63.0,28.6,49.2,15.9,3.2,3.2,Incumbent,41-9021.00,4,07/2015,Analyst,10.589500000000001
51-8012.00,Power Distributors and Dispatchers,57.0,21.1,49.1,28.1,1.8,0.0,Incumbent,51-8012.00,3,08/2024,Analyst,11.377500000000001
51-9022.00,"Grinding and Polishing Workers, Hand",53.0,30.2,49.1,11.3,7.5,1.9,Incumbent,51-9022.00,2,08/2023,Analyst,10.251000000000001
41-1011.00,First-Line Supervisors of Retail Sales Workers,78.0,30.8,48.7,10.3,9.0,1.3,Incumbent,41-1011.00,2,08/2018,Analyst,10.123500000000002
25-2022.00,"Middle School Teachers, Except Special and Career/Technical Education",70.0,24.3,48.6,15.7,8.6,2.9,Incumbent,25-2022.00,4,08/2024,Analyst,10.368500000000001
33-3031.00,Fish and Game Wardens,103.0,29.1,48.5,18.4,3.9,0.0,Incumbent,33-3031.00,4,07/2014,Analyst,10.7015
27-3041.00,Editors,62.0,27.4,48.4,14.5,9.7,0.0,Incumbent,27-3041.00,4,07/2017,Analyst,10.331
43-4131.00,Loan Interviewers and Clerks,62.0,27.4,48.4,14.5,8.1,1.6,Incumbent,43-4131.00,3,07/2017,Analyst,10.323
51-4121.00,"Welders, Cutters, Solderers, and Brazers",126.0,31.7,48.4,16.7,3.2,0.0,,51-4121.00,2,08/2022,Analyst,10.6145
39-7012.00,Travel Guides,58.0,22.4,48.3,15.5,12.1,1.7,Incumbent,39-7012.00,2,08/2022,Analyst,10.261
17-2072.00,"Electronics Engineers, Except Computer",50.0,36.0,48.0,6.0,10.0,0.0,Incumbent,17-2072.00,4,08/2022,Analyst,9.8
15-1244.00,Network and Computer Systems Administrators,123.0,26.8,48.0,16.3,8.9,0.0,Incumbent,15-1244.00,4,07/2017,Analyst,10.394
53-6021.00,Parking Attendants,75.0,24.0,48.0,13.3,13.3,1.3,,53-6021.00,2,07/2015,Analyst,10.077
51-2031.00,Engine and Other Machine Assemblers,102.0,30.4,48.0,15.7,4.9,1.0,Incumbent,51-2031.00,2,07/2014,Analyst,10.431
51-8013.03,Biomass Plant Technicians,144.0,29.2,47.9,16.7,4.9,1.4,Incumbent,51-8013.03,2,08/2020,Analyst,10.463
25-1041.00,"Agricultural Sciences Teachers, Postsecondary",71.0,25.4,47.9,21.1,5.6,0.0,Incumbent,25-1041.00,5,08/2019,Analyst,10.7265
19-4031.00,Chemical Technicians,48.0,25.0,47.9,12.5,14.6,0.0,Incumbent,19-4031.00,3,08/2021,Analyst,10.0285
27-2012.00,Producers and Directors,111.0,31.5,47.7,13.5,5.4,1.8,,27-2012.00,4,08/2022,Analyst,10.228500000000002
49-2022.00,"Telecommunications Equipment Installers and Repairers, Except Line Installers",63.0,33.3,47.6,12.7,4.8,1.6,Incumbent,49-2022.00,3,07/2017,Analyst,10.1945
43-5021.00,Couriers and Messengers,63.0,27.0,47.6,14.3,11.1,0.0,Incumbent,43-5021.00,2,07/2016,Analyst,10.173
25-1192.00,"Family and Consumer Sciences Teachers, Postsecondary",105.0,21.0,47.6,20.0,10.5,1.0,,25-1192.00,5,08/2019,Analyst,10.4745
43-6011.00,Executive Secretaries and Executive Administrative Assistants,141.0,31.9,47.5,12.1,7.8,0.7,Incumbent,43-6011.00,3,07/2017,Analyst,10.099499999999999
29-1215.00,Family Medicine Physicians,59.0,30.5,47.5,18.6,3.4,0.0,,29-1215.00,5,08/2020,Analyst,10.588
51-7041.00,"Sawing Machine Setters, Operators, and Tenders, Wood",59.0,25.4,47.5,22.0,5.1,0.0,Incumbent,51-7041.00,2,07/2013,Analyst,10.7325
51-8013.00,Power Plant Operators,57.0,26.3,47.4,17.5,8.8,0.0,Incumbent,51-8013.00,2,08/2024,Analyst,10.3785
53-6051.07,"Transportation Vehicle, Equipment and Systems Inspectors, Except Aviation",57.0,33.3,47.4,14.0,5.3,0.0,Incumbent,53-6051.07,2,07/2015,Analyst,10.2735
11-3021.00,Computer and Information Systems Managers,76.0,38.2,47.4,13.2,1.3,0.0,Incumbent,11-3021.00,4,07/2016,Analyst,10.3325
51-4031.00,"Cutting, Punching, and Press Machine Setters, Operators, and Tenders, Metal and Plastic",131.0,26.7,47.3,19.8,5.3,0.8,Incumbent,51-4031.00,2,07/2015,Analyst,10.551499999999999
29-1223.00,Psychiatrists,108.0,26.9,47.2,14.8,11.1,0.0,Incumbent,29-1223.00,5,07/2014,Analyst,10.1445
47-4071.00,Septic Tank Servicers and Sewer Pipe Cleaners,70.0,30.0,47.1,14.3,8.6,0.0,Incumbent,47-4071.00,1,07/2017,Analyst,10.1655
49-2098.00,Security and Fire Alarm Systems Installers,68.0,29.4,47.1,20.6,2.9,0.0,Incumbent,49-2098.00,3,07/2015,Analyst,10.6545
33-1012.00,First-Line Supervisors of Police and Detectives,87.0,29.9,47.1,13.8,8.0,1.1,Incumbent,33-1012.00,2,08/2024,Analyst,10.116999999999999
43-6013.00,Medical Secretaries and Administrative Assistants,85.0,23.5,47.1,16.5,9.4,3.5,,43-6013.00,2,08/2021,Analyst,10.1615
41-3011.00,Advertising Sales Agents,87.0,32.2,47.1,6.9,13.8,0.0,Incumbent,41-3011.00,4,08/2018,Analyst,9.628499999999999
11-3031.03,Investment Fund Managers,81.0,25.9,46.9,22.2,3.7,1.2,Incumbent,11-3031.03,5,07/2014,Analyst,10.6555
17-3021.00,Aerospace Engineering and Operations Technologists and Technicians,49.0,20.4,46.9,16.3,16.3,0.0,,17-3021.00,3,08/2019,Analyst,10.052
43-3051.00,Payroll and Timekeeping Clerks,64.0,29.7,46.9,10.9,10.9,1.6,Incumbent,43-3051.00,3,08/2022,Analyst,9.845
51-6091.00,"Extruding and Forming Machine Setters, Operators, and Tenders, Synthetic and Glass Fibers",62.0,33.9,46.8,12.9,6.5,0.0,Incumbent,51-6091.00,2,08/2019,Analyst,10.102
49-2095.00,"Electrical and Electronics Repairers, Powerhouse, Substation, and Relay",79.0,31.6,46.8,19.0,2.5,0.0,Incumbent,49-2095.00,3,07/2017,Analyst,10.5315
51-9041.00,"Extruding, Forming, Pressing, and Compacting Machine Setters, Operators, and Tenders",105.0,27.6,46.7,16.2,7.6,1.9,Incumbent,51-9041.00,2,07/2016,Analyst,10.182
51-2041.00,Structural Metal Fabricators and Fitters,75.0,33.3,46.7,12.0,8.0,0.0,Incumbent,51-2041.00,2,08/2024,Analyst,9.998000000000001
11-3051.00,Industrial Production Managers,116.0,29.3,46.6,12.9,8.6,2.6,Incumbent,11-3051.00,4,08/2021,Analyst,9.9405
17-2199.06,Microsystems Engineers,58.0,29.3,46.6,19.0,5.2,0.0,,17-2199.06,5,07/2016,Analyst,10.442
49-1011.00,"First-Line Supervisors of Mechanics, Installers, and Repairers",118.0,28.0,46.6,13.6,11.0,0.8,Incumbent,49-1011.00,3,08/2021,Analyst,9.973
51-2023.00,Electromechanical Equipment Assemblers,69.0,29.0,46.4,17.4,7.2,0.0,Incumbent,51-2023.00,2,07/2017,Analyst,10.273
17-2071.00,Electrical Engineers,56.0,35.7,46.4,8.9,8.9,0.0,Incumbent,17-2071.00,4,08/2023,Analyst,9.76
49-9052.00,Telecommunications Line Installers and Repairers,95.0,38.9,46.3,8.4,4.2,2.1,Incumbent,49-9052.00,2,07/2015,Analyst,9.772999999999998
53-3032.00,Heavy and Tractor-Trailer Truck Drivers,108.0,30.6,46.3,13.9,6.5,2.8,Incumbent,53-3032.00,2,08/2022,Analyst,10.002999999999998
11-3012.00,Administrative Services Managers,134.0,29.9,46.3,17.2,6.7,0.0,Incumbent,11-3012.00,3,07/2017,Analyst,10.263499999999999
51-9031.00,"Cutters and Trimmers, Hand",54.0,24.1,46.3,18.5,7.4,3.7,Incumbent,51-9031.00,1,08/2019,Analyst,10.203499999999998
51-6063.00,"Textile Knitting and Weaving Machine Setters, Operators, and Tenders",67.0,34.3,46.3,9.0,6.0,4.5,Incumbent,51-6063.00,2,08/2023,Analyst,9.694999999999999
47-5012.00,"Rotary Drill Operators, Oil and Gas",106.0,34.9,46.2,12.3,6.6,0.0,Incumbent,47-5012.00,2,12/2005,Analyst,9.979500000000002
47-2073.00,Operating Engineers and Other Construction Equipment Operators,65.0,29.2,46.2,12.3,10.8,1.5,Incumbent,47-2073.00,2,08/2020,Analyst,9.829500000000001
29-9093.00,Surgical Assistants,78.0,26.9,46.2,21.8,5.1,0.0,Incumbent,29-9093.00,3,07/2015,Analyst,10.5395
43-5031.00,Public Safety Telecommunicators,76.0,28.9,46.1,17.1,7.9,0.0,,43-5031.00,2,08/2023,Analyst,10.197000000000001
29-1123.00,Physical Therapists,76.0,25.0,46.1,15.8,13.2,0.0,Incumbent,29-1123.00,5,08/2020,Analyst,9.996
39-3021.00,Motion Picture Projectionists,76.0,31.6,46.1,17.1,5.3,0.0,Incumbent,39-3021.00,2,08/2020,Analyst,10.265
51-2011.00,"Aircraft Structure, Surfaces, Rigging, and Systems Assemblers",100.0,32.0,46.0,11.0,10.0,1.0,Incumbent,51-2011.00,2,07/2015,Analyst,9.765
47-2031.00,Carpenters,122.0,26.2,45.9,14.8,7.4,5.7,,47-2031.00,2,08/2022,Analyst,9.884
13-2081.00,"Tax Examiners and Collectors, and Revenue Agents",61.0,39.3,45.9,8.2,6.6,0.0,Incumbent,13-2081.00,3,08/2022,Analyst,9.712
19-1023.00,Zoologists and Wildlife Biologists,61.0,24.6,45.9,23.0,6.6,0.0,Incumbent,19-1023.00,4,08/2023,Analyst,10.529
51-1011.00,First-Line Supervisors of Production and Operating Workers,98.0,29.6,45.9,17.3,6.1,1.0,Incumbent,51-1011.00,3,08/2020,Analyst,10.192
37-2021.00,Pest Control Workers,122.0,21.3,45.9,24.6,8.2,0.0,Incumbent,37-2021.00,2,07/2015,Analyst,10.574
53-6031.00,Automotive and Watercraft Service Attendants,85.0,30.6,45.9,11.8,11.8,0.0,Incumbent,53-6031.00,2,07/2016,Analyst,9.783
45-2011.00,Agricultural Inspectors,96.0,32.3,45.8,11.5,9.4,1.0,Incumbent,45-2011.00,2,07/2013,Analyst,9.779499999999999
51-9032.00,"Cutting and Slicing Machine Setters, Operators, and Tenders",120.0,31.7,45.8,13.3,7.5,1.7,Incumbent,51-9032.00,2,07/2016,Analyst,9.905
11-3013.00,Facilities Managers,96.0,32.3,45.8,16.7,3.1,2.1,,11-3013.00,3,08/2024,Analyst,10.189999999999998
53-3052.00,"Bus Drivers, Transit and Intercity",96.0,34.4,45.8,12.5,6.3,1.0,Incumbent,53-3052.00,2,08/2018,Analyst,9.911999999999999
29-1124.00,Radiation Therapists,103.0,31.1,45.6,17.5,5.8,0.0,Incumbent,29-1124.00,3,07/2013,Analyst,10.201500000000001
43-6012.00,Legal Secretaries and Administrative Assistants,57.0,38.6,45.6,5.3,10.5,0.0,,43-6012.00,3,08/2024,Analyst,9.413
33-3021.00,Detectives and Criminal Investigators,246.0,29.3,45.5,16.3,8.1,0.8,,33-3021.00,3,08/2022,Analyst,10.040000000000001
11-9199.02,Compliance Managers,77.0,26.0,45.5,22.1,6.5,0.0,Incumbent,11-9199.02,4,08/2019,Analyst,10.426
25-4022.00,Librarians and Media Collections Specialists,183.0,29.0,45.4,16.4,7.7,1.6,,25-4022.00,5,08/2022,Analyst,10.0205
33-3021.02,Police Identification and Records Officers,64.0,29.7,45.3,17.2,7.8,0.0,Incumbent,33-3021.02,3,08/2018,Analyst,10.092999999999998
51-9111.00,Packaging and Filling Machine Operators and Tenders,75.0,32.0,45.3,12.0,10.7,0.0,Incumbent,51-9111.00,2,07/2017,Analyst,9.734499999999999
39-6011.00,Baggage Porters and Bellhops,53.0,24.5,45.3,17.0,13.2,0.0,Incumbent,39-6011.00,2,08/2018,Analyst,9.947
51-4051.00,Metal-Refining Furnace Operators and Tenders,64.0,29.7,45.3,15.6,7.8,1.6,Incumbent,51-4051.00,2,08/2018,Analyst,9.956999999999999
49-2094.00,"Electrical and Electronics Repairers, Commercial and Industrial Equipment",62.0,32.3,45.2,11.3,9.7,1.6,Incumbent,49-2094.00,3,08/2021,Analyst,9.662
49-9071.00,"Maintenance and Repair Workers, General",168.0,28.6,45.2,17.3,8.3,0.6,Incumbent,49-9071.00,3,08/2021,Analyst,10.054000000000002
49-9062.00,Medical Equipment Repairers,73.0,27.4,45.2,19.2,8.2,0.0,Incumbent,49-9062.00,3,08/2023,Analyst,10.179
51-3023.00,Slaughterers and Meat Packers,51.0,31.4,45.1,13.7,9.8,0.0,Incumbent,51-3023.00,2,07/2017,Analyst,9.8225
45-2092.00,"Farmworkers and Laborers, Crop, Nursery, and Greenhouse",158.0,27.8,44.9,17.1,8.9,1.3,,45-2092.00,1,08/2022,Analyst,9.965
39-5012.00,"Hairdressers, Hairstylists, and Cosmetologists",67.0,35.8,44.8,13.4,4.5,1.5,Incumbent,39-5012.00,3,07/2016,Analyst,9.851499999999998
27-1011.00,Art Directors,58.0,34.5,44.8,8.6,6.9,5.2,Incumbent,27-1011.00,4,08/2023,Analyst,9.4165
41-1012.00,First-Line Supervisors of Non-Retail Sales Workers,87.0,34.5,44.8,13.8,6.9,0.0,Incumbent,41-1012.00,4,08/2020,Analyst,9.8585
41-2012.00,Gambling Change Persons and Booth Cashiers,87.0,25.3,44.8,12.6,17.2,0.0,,41-2012.00,2,08/2019,Analyst,9.531999999999998
25-1066.00,"Psychology Teachers, Postsecondary",92.0,29.3,44.6,16.3,7.6,2.2,Incumbent,25-1066.00,5,08/2019,Analyst,9.884500000000001
29-9099.01,Midwives,65.0,29.2,44.6,16.9,9.2,0.0,Incumbent,29-9099.01,5,08/2021,Analyst,9.9405
49-9092.00,Commercial Divers,65.0,33.8,44.6,10.8,10.8,0.0,Incumbent,49-9092.00,3,07/2015,Analyst,9.568000000000001
47-5041.00,Continuous Mining Machine Operators,74.0,28.4,44.6,23.0,4.1,0.0,Incumbent,47-5041.00,2,07/2016,Analyst,10.409500000000001
51-9061.00,"Inspectors, Testers, Sorters, Samplers, and Weighers",63.0,31.7,44.4,14.3,9.5,0.0,Incumbent,51-9061.00,2,08/2020,Analyst,9.761999999999999
53-2031.00,Flight Attendants,72.0,31.9,44.4,13.9,9.7,0.0,Incumbent,53-2031.00,2,08/2021,Analyst,9.735
43-9022.00,Word Processors and Typists,90.0,26.7,44.4,20.0,6.7,2.2,Incumbent,43-9022.00,2,07/2017,Analyst,10.0825
23-1023.00,"Judges, Magistrate Judges, and Magistrates",63.0,19.0,44.4,28.6,7.9,0.0,Incumbent,23-1023.00,5,08/2020,Analyst,10.5885
29-1051.00,Pharmacists,63.0,33.3,44.4,11.1,11.1,0.0,Incumbent,29-1051.00,5,08/2022,Analyst,9.546
41-4011.00,"Sales Representatives, Wholesale and Manufacturing, Technical and Scientific Products",88.0,35.2,44.3,11.4,6.8,2.3,Incumbent,41-4011.00,4,07/2014,Analyst,9.589999999999998
51-8093.00,"Petroleum Pump System Operators, Refinery Operators, and Gaugers",70.0,32.9,44.3,17.1,5.7,0.0,Incumbent,51-8093.00,2,08/2023,Analyst,9.999999999999998
43-5041.00,"Meter Readers, Utilities",88.0,20.5,44.3,19.3,13.6,2.3,Incumbent,43-5041.00,2,07/2016,Analyst,9.854499999999998
43-5111.00,"Weighers, Measurers, Checkers, and Samplers, Recordkeeping",95.0,35.8,44.2,11.6,8.4,0.0,Incumbent,43-5111.00,2,08/2018,Analyst,9.616000000000001
53-2012.00,Commercial Pilots,59.0,33.9,44.1,3.4,18.6,0.0,Incumbent,53-2012.00,3,08/2024,Analyst,8.896
37-1011.00,First-Line Supervisors of Housekeeping and Janitorial Workers,68.0,35.3,44.1,17.6,0.0,2.9,Incumbent,37-1011.00,2,08/2020,Analyst,10.052000000000001
49-2096.00,"Electronic Equipment Installers and Repairers, Motor Vehicles",68.0,26.5,44.1,17.6,11.8,0.0,Incumbent,49-2096.00,3,07/2016,Analyst,9.847000000000001
17-2112.00,Industrial Engineers,84.0,40.5,44.0,10.7,4.8,0.0,Incumbent,17-2112.00,4,08/2020,Analyst,9.6285
25-4031.00,Library Technicians,100.0,28.0,44.0,17.0,10.0,1.0,Incumbent,25-4031.00,3,07/2017,Analyst,9.815000000000001
41-2022.00,Parts Salespersons,48.0,33.3,43.8,16.7,6.3,0.0,Incumbent,41-2022.00,2,08/2023,Analyst,9.895999999999999
53-7041.00,Hoist and Winch Operators,78.0,30.8,43.6,16.7,9.0,0.0,Incumbent,53-7041.00,2,12/2004,Analyst,9.800500000000001
29-2092.00,Hearing Aid Specialists,55.0,32.7,43.6,21.8,1.8,0.0,Incumbent,29-2092.00,3,08/2020,Analyst,10.255
51-8013.04,Hydroelectric Plant Technicians,85.0,27.1,43.5,21.2,7.1,1.2,,51-8013.04,3,08/2024,Analyst,10.045499999999999
49-3053.00,Outdoor Power Equipment and Other Small Engine Mechanics,53.0,30.2,43.4,15.1,11.3,0.0,Incumbent,49-3053.00,2,08/2018,Analyst,9.623999999999999
53-4041.00,Subway and Streetcar Operators,90.0,30.0,43.3,14.4,11.1,1.1,Incumbent,53-4041.00,2,08/2021,Analyst,9.5405
51-4052.00,"Pourers and Casters, Metal",65.0,35.4,43.1,15.4,4.6,1.5,Incumbent,51-4052.00,2,08/2024,Analyst,9.721
51-9123.00,"Painting, Coating, and Decorating Workers",58.0,29.3,43.1,17.2,8.6,1.7,Incumbent,51-9123.00,1,08/2019,Analyst,9.711
43-6014.00,"Secretaries and Administrative Assistants, Except Legal, Medical, and Executive",167.0,28.7,43.1,16.2,11.4,0.6,Incumbent,43-6014.00,2,08/2019,Analyst,9.622
13-1041.03,Equal Opportunity Representatives and Officers,109.0,38.5,43.1,10.1,7.3,0.9,Incumbent,13-1041.03,4,07/2015,Analyst,9.377
49-3041.00,Farm Equipment Mechanics and Service Technicians,100.0,25.0,43.0,25.0,7.0,0.0,Incumbent,49-3041.00,3,07/2016,Analyst,10.219999999999999
43-3011.00,Bill and Account Collectors,70.0,32.9,42.9,11.4,11.4,1.4,Incumbent,43-3011.00,2,08/2018,Analyst,9.306
43-4011.00,Brokerage Clerks,56.0,32.1,42.9,12.5,10.7,1.8,Incumbent,43-4011.00,3,07/2014,Analyst,9.372
53-6041.00,Traffic Technicians,82.0,31.7,42.7,24.4,1.2,0.0,Incumbent,53-6041.00,3,07/2016,Analyst,10.290000000000001
21-1091.00,Health Education Specialists,61.0,31.1,42.6,13.1,13.1,0.0,,21-1091.00,4,08/2019,Analyst,9.354000000000001
53-3031.00,Driver/Sales Workers,47.0,27.7,42.6,12.8,17.0,0.0,Incumbent,53-3031.00,2,08/2020,Analyst,9.246
43-4151.00,Order Clerks,59.0,35.6,42.4,11.9,6.8,3.4,Incumbent,43-4151.00,2,08/2023,Analyst,9.321499999999999
15-1231.00,Computer Network Support Specialists,118.0,28.8,42.4,16.9,9.3,2.5,Incumbent,15-1231.00,4,07/2014,Analyst,9.555
49-2093.00,"Electrical and Electronics Installers and Repairers, Transportation Equipment",52.0,36.5,42.3,9.6,9.6,1.9,Incumbent,49-2093.00,3,08/2019,Analyst,9.149999999999999
21-1092.00,Probation Officers and Correctional Treatment Specialists,109.0,31.2,42.2,18.3,7.3,0.9,Incumbent,21-1092.00,4,08/2020,Analyst,9.702000000000002
51-4023.00,"Rolling Machine Setters, Operators, and Tenders, Metal and Plastic",83.0,31.3,42.2,21.7,2.4,2.4,Incumbent,51-4023.00,2,08/2018,Analyst,9.969500000000002
11-1011.00,Chief Executives,95.0,36.8,42.1,12.6,6.3,2.1,Incumbent,11-1011.00,5,08/2023,Analyst,9.3635
51-6062.00,"Textile Cutting Machine Setters, Operators, and Tenders",69.0,30.4,42.0,15.9,11.6,0.0,Incumbent,51-6062.00,2,08/2019,Analyst,9.4615
37-3012.00,"Pesticide Handlers, Sprayers, and Applicators, Vegetation",81.0,35.8,42.0,17.3,1.2,3.7,Incumbent,37-3012.00,2,07/2015,Analyst,9.6905
51-6064.00,"Textile Winding, Twisting, and Drawing Out Machine Setters, Operators, and Tenders",69.0,30.4,42.0,21.7,5.8,0.0,Incumbent,51-6064.00,2,08/2019,Analyst,9.9255
27-1021.00,Commercial and Industrial Designers,55.0,32.7,41.8,20.0,5.5,0.0,Incumbent,27-1021.00,4,08/2019,Analyst,9.814499999999999
51-6021.00,"Pressers, Textile, Garment, and Related Materials",67.0,29.9,41.8,22.4,4.5,1.5,Incumbent,51-6021.00,1,07/2017,Analyst,9.929499999999999
49-9096.00,Riggers,60.0,33.3,41.7,18.3,5.0,1.7,Incumbent,49-9096.00,2,08/2020,Analyst,9.668500000000002
53-7011.00,Conveyor Operators and Tenders,106.0,38.7,41.5,11.3,6.6,1.9,Incumbent,53-7011.00,1,07/2017,Analyst,9.2095
25-2051.00,"Special Education Teachers, Preschool",65.0,33.8,41.5,12.3,9.2,3.1,,25-2051.00,5,08/2019,Analyst,9.160499999999999
43-9071.00,"Office Machine Operators, Except Computer",53.0,24.5,41.5,11.3,22.6,0.0,Incumbent,43-9071.00,2,07/2017,Analyst,8.8635
19-4013.00,Food Science Technicians,58.0,32.8,41.4,13.8,12.1,0.0,Incumbent,19-4013.00,3,08/2023,Analyst,9.2555
51-9012.00,"Separating, Filtering, Clarifying, Precipitating, and Still Machine Setters, Operators, and Tenders",87.0,36.8,41.4,14.9,5.7,1.1,Incumbent,51-9012.00,2,07/2015,Analyst,9.437
15-1251.00,Computer Programmers,70.0,25.7,41.4,20.0,12.9,0.0,Incumbent,15-1251.00,4,08/2018,Analyst,9.5735
51-4122.00,"Welding, Soldering, and Brazing Machine Setters, Operators, and Tenders",63.0,33.3,41.3,12.7,11.1,1.6,Incumbent,51-4122.00,2,08/2024,Analyst,9.155
51-2021.00,"Coil Winders, Tapers, and Finishers",56.0,30.4,41.1,16.1,12.5,0.0,Incumbent,51-2021.00,2,07/2017,Analyst,9.33
21-2021.00,"Directors, Religious Activities and Education",56.0,32.1,41.1,16.1,8.9,1.8,Incumbent,21-2021.00,4,08/2023,Analyst,9.363000000000001
51-4033.00,"Grinding, Lapping, Polishing, and Buffing Machine Tool Setters, Operators, and Tenders, Metal and Plastic",83.0,32.5,41.0,14.5,10.8,1.2,Incumbent,51-4033.00,2,07/2016,Analyst,9.2315
43-5071.00,"Shipping, Receiving, and Inventory Clerks",78.0,34.6,41.0,15.4,7.7,1.3,,43-5071.00,2,08/2019,Analyst,9.3555
35-1012.00,First-Line Supervisors of Food Preparation and Serving Workers,88.0,34.1,40.9,17.0,4.5,3.4,Incumbent,35-1012.00,2,07/2017,Analyst,9.4435
19-2041.00,"Environmental Scientists and Specialists, Including Health",93.0,38.7,40.9,11.8,7.5,1.1,Incumbent,19-2041.00,4,08/2023,Analyst,9.154499999999999
47-5013.00,"Service Unit Operators, Oil and Gas",49.0,34.7,40.8,24.5,0.0,0.0,,47-5013.00,2,07/2013,Analyst,10.0595
53-7071.00,Gas Compressor and Gas Pumping Station Operators,49.0,36.7,40.8,20.4,2.0,0.0,Incumbent,53-7071.00,2,07/2017,Analyst,9.780999999999999
15-1221.00,Computer and Information Research Scientists,49.0,28.6,40.8,22.4,8.2,0.0,Incumbent,15-1221.00,5,08/2019,Analyst,9.738999999999999
51-7042.00,"Woodworking Machine Setters, Operators, and Tenders, Except Sawing",91.0,27.5,40.7,16.5,11.0,4.4,Incumbent,51-7042.00,2,07/2015,Analyst,9.201500000000001
51-9023.00,"Mixing and Blending Machine Setters, Operators, and Tenders",54.0,27.8,40.7,16.7,14.8,0.0,Incumbent,51-9023.00,2,08/2023,Analyst,9.246500000000001
11-9031.00,"Education and Childcare Administrators, Preschool and Daycare",91.0,36.3,40.7,15.4,6.6,1.1,,11-9031.00,4,08/2018,Analyst,9.350000000000001
41-2031.00,Retail Salespersons,91.0,33.0,40.7,9.9,16.5,0.0,Incumbent,41-2031.00,2,08/2018,Analyst,8.833
47-4061.00,Rail-Track Laying and Maintenance Equipment Operators,64.0,29.7,40.6,20.3,9.4,0.0,Incumbent,47-4061.00,2,07/2015,Analyst,9.5655
37-3011.00,Landscaping and Groundskeeping Workers,94.0,36.2,40.4,19.1,3.2,1.1,Incumbent,37-3011.00,1,07/2015,Analyst,9.593499999999999
11-3051.02,Geothermal Production Managers,52.0,30.8,40.4,23.1,3.8,1.9,Incumbent,11-3051.02,3,07/2011,Analyst,9.7745
51-3092.00,Food Batchmakers,57.0,38.6,40.4,15.8,5.3,0.0,Incumbent,51-3092.00,2,08/2021,Analyst,9.3955
17-2011.00,Aerospace Engineers,72.0,37.5,40.3,11.1,9.7,1.4,Incumbent,17-2011.00,4,07/2015,Analyst,8.967999999999998
49-9095.00,Manufactured Building and Mobile Home Installers,62.0,25.8,40.3,17.7,16.1,0.0,Incumbent,49-9095.00,2,06/2007,Analyst,9.209999999999999
35-2014.00,"Cooks, Restaurant",102.0,36.3,40.2,17.6,4.9,1.0,Incumbent,35-2014.00,2,08/2018,Analyst,9.4435
33-3051.00,Police and Sheriff's Patrol Officers,212.0,33.5,40.1,18.9,7.5,0.0,,33-3051.00,3,08/2022,Analyst,9.466
51-4191.00,"Heat Treating Equipment Setters, Operators, and Tenders, Metal and Plastic",70.0,35.7,40.0,18.6,2.9,2.9,Incumbent,51-4191.00,2,07/2016,Analyst,9.4665
19-4071.00,Forest and Conservation Technicians,95.0,29.5,40.0,18.9,10.5,1.1,Occupational Expert,19-4071.00,3,08/2018,Analyst,9.344
33-9021.00,Private Detectives and Investigators,90.0,31.1,40.0,17.8,11.1,0.0,Incumbent,33-9021.00,3,07/2015,Analyst,9.3015
29-2051.00,Dietetic Technicians,50.0,40.0,40.0,14.0,6.0,0.0,Incumbent,29-2051.00,3,08/2021,Analyst,9.219999999999999
27-2021.00,Athletes and Sports Competitors,70.0,24.3,40.0,27.1,8.6,0.0,Incumbent,27-2021.00,2,07/2016,Analyst,9.8755
31-2021.00,Physical Therapist Assistants,60.0,28.3,40.0,23.3,6.7,1.7,Incumbent,31-2021.00,3,08/2020,Analyst,9.663
17-3027.00,Mechanical Engineering Technologists and Technicians,95.0,40.0,40.0,15.8,4.2,0.0,,17-3027.00,3,08/2022,Analyst,9.364
33-9011.00,Animal Control Workers,53.0,28.3,39.6,17.0,13.2,1.9,Incumbent,33-9011.00,2,08/2018,Analyst,9.092
51-9141.00,Semiconductor Processing Technicians,91.0,37.4,39.6,18.7,4.4,0.0,,51-9141.00,2,12/2006,Analyst,9.4655
45-2041.00,"Graders and Sorters, Agricultural Products",53.0,34.0,39.6,13.2,13.2,0.0,Incumbent,45-2041.00,1,07/2017,Analyst,8.94
49-9097.00,Signal and Track Switch Repairers,48.0,31.3,39.6,20.8,6.3,2.1,Incumbent,49-9097.00,3,08/2021,Analyst,9.4705
41-9041.00,Telemarketers,48.0,35.4,39.6,10.4,14.6,0.0,Incumbent,41-9041.00,2,08/2023,Analyst,8.751
11-3051.06,Hydroelectric Production Managers,86.0,34.9,39.5,15.1,10.5,0.0,,11-3051.06,3,07/2016,Analyst,9.097999999999999
43-2011.00,"Switchboard Operators, Including Answering Service",76.0,35.5,39.5,11.8,13.2,0.0,Incumbent,43-2011.00,2,08/2022,Analyst,8.849
13-1021.00,"Buyers and Purchasing Agents, Farm Products",71.0,28.2,39.4,19.7,12.7,0.0,Incumbent,13-1021.00,4,07/2013,Analyst,9.282
39-7011.00,Tour Guides and Escorts,74.0,33.8,39.2,14.9,9.5,2.7,Incumbent,39-7011.00,3,08/2020,Analyst,8.992
35-2012.00,"Cooks, Institution and Cafeteria",143.0,37.8,39.2,16.8,6.3,0.0,Incumbent,35-2012.00,2,08/2019,Analyst,9.2575
43-4051.00,Customer Service Representatives,74.0,32.4,39.2,8.1,18.9,1.4,Incumbent,43-4051.00,2,08/2022,Analyst,8.419
43-3031.00,"Bookkeeping, Accounting, and Auditing Clerks",130.0,33.1,39.2,16.9,10.8,0.0,Incumbent,43-3031.00,3,07/2017,Analyst,9.1475
53-1042.00,"First-Line Supervisors of Helpers, Laborers, and Material Movers, Hand",59.0,32.2,39.0,25.4,3.4,0.0,Incumbent,53-1042.00,2,08/2024,Analyst,9.772
11-9151.00,Social and Community Service Managers,72.0,38.9,38.9,15.3,5.6,1.4,Incumbent,11-9151.00,4,08/2018,Analyst,9.1085
25-1032.00,"Engineering Teachers, Postsecondary",54.0,40.7,38.9,11.1,9.3,0.0,Incumbent,25-1032.00,5,08/2019,Analyst,8.824
21-1013.00,Marriage and Family Therapists,72.0,36.1,38.9,8.3,13.9,2.8,Incumbent,21-1013.00,5,08/2020,Analyst,8.471
17-2141.00,Mechanical Engineers,85.0,31.8,38.8,14.1,15.3,0.0,Incumbent,17-2141.00,4,08/2024,Analyst,8.825
51-4071.00,Foundry Mold and Coremakers,67.0,28.4,38.8,13.4,16.4,3.0,Incumbent,51-4071.00,2,08/2023,Analyst,8.668999999999999
29-1229.04,Physical Medicine and Rehabilitation Physicians,67.0,34.3,38.8,16.4,9.0,1.5,Incumbent,29-1229.04,5,07/2012,Analyst,9.063999999999998
31-1131.00,Nursing Assistants,85.0,36.5,38.8,9.4,14.1,1.2,Incumbent,31-1131.00,3,08/2020,Analyst,8.5605
25-1194.00,"Career/Technical Education Teachers, Postsecondary",114.0,36.8,38.6,16.7,7.0,0.9,,25-1194.00,3,08/2019,Analyst,9.1205
19-4092.00,Forensic Science Technicians,83.0,32.5,38.6,14.5,14.5,0.0,Incumbent,19-4092.00,3,08/2023,Analyst,8.842
49-3092.00,Recreational Vehicle Service Technicians,109.0,31.2,38.5,22.0,6.4,1.8,Incumbent,49-3092.00,2,07/2015,Analyst,9.383
19-1031.03,Park Naturalists,68.0,41.2,38.2,14.7,5.9,0.0,Incumbent,19-1031.03,4,08/2023,Analyst,9.009
29-9091.00,Athletic Trainers,55.0,30.9,38.2,23.6,7.3,0.0,Incumbent,29-9091.00,5,08/2021,Analyst,9.463500000000002
51-4193.00,"Plating Machine Setters, Operators, and Tenders, Metal and Plastic",84.0,40.5,38.1,16.7,3.6,1.2,,51-4193.00,2,07/2016,Analyst,9.1295
51-2092.00,Team Assemblers,84.0,40.5,38.1,14.3,7.1,0.0,Incumbent,51-2092.00,2,08/2020,Analyst,8.943
43-9041.00,Insurance Claims and Policy Processing Clerks,160.0,36.3,38.1,12.5,13.1,0.0,,43-9041.00,2,08/2022,Analyst,8.694
51-3022.00,"Meat, Poultry, and Fish Cutters and Trimmers",58.0,25.9,37.9,24.1,10.3,1.7,Incumbent,51-3022.00,1,07/2017,Analyst,9.32
43-1011.00,First-Line Supervisors of Office and Administrative Support Workers,127.0,33.1,37.8,24.4,4.7,0.0,Incumbent,43-1011.00,3,07/2015,Analyst,9.516499999999999
39-3011.00,Gambling Dealers,90.0,38.9,37.8,11.1,11.1,1.1,,39-3011.00,2,08/2019,Analyst,8.591999999999999
33-3051.04,Customs and Border Protection Officers,82.0,41.5,37.8,19.5,1.2,0.0,,33-3051.04,3,07/2012,Analyst,9.334499999999998
47-2071.00,"Paving, Surfacing, and Tamping Equipment Operators",45.0,35.6,37.8,11.1,15.6,0.0,Incumbent,47-2071.00,2,08/2020,Analyst,8.5155
43-3021.00,Billing and Posting Clerks,127.0,38.6,37.8,18.1,3.9,1.6,,43-3021.00,3,08/2022,Analyst,9.142
43-5032.00,"Dispatchers, Except Police, Fire, and Ambulance",69.0,29.0,37.7,18.8,14.5,0.0,Incumbent,43-5032.00,2,08/2021,Analyst,8.9495
19-3093.00,Historians,53.0,37.7,37.7,17.0,7.5,0.0,Incumbent,19-3093.00,5,07/2015,Analyst,9.0225
51-4022.00,"Forging Machine Setters, Operators, and Tenders, Metal and Plastic",48.0,37.5,37.5,14.6,8.3,2.1,Incumbent,51-4022.00,2,07/2016,Analyst,8.7825
19-4012.00,Agricultural Technicians,56.0,42.9,37.5,12.5,7.1,0.0,Incumbent,19-4012.00,3,08/2024,Analyst,8.76
49-9099.01,Geothermal Technicians,64.0,37.5,37.5,17.2,6.3,1.6,Incumbent,49-9099.01,2,08/2020,Analyst,8.9935
11-9051.00,Food Service Managers,91.0,36.3,37.4,15.4,11.0,0.0,Incumbent,11-9051.00,2,07/2017,Analyst,8.811
15-1242.00,Database Administrators,67.0,38.8,37.3,17.9,6.0,0.0,Incumbent,15-1242.00,4,08/2023,Analyst,9.0565
53-7051.00,Industrial Truck and Tractor Operators,51.0,39.2,37.3,13.7,9.8,0.0,Incumbent,53-7051.00,2,08/2021,Analyst,8.7305
11-9131.00,Postmasters and Mail Superintendents,86.0,25.6,37.2,22.1,12.8,2.3,Incumbent,11-9131.00,2,07/2016,Analyst,9.034500000000001
39-5092.00,Manicurists and Pedicurists,62.0,29.0,37.1,21.0,11.3,1.6,Incumbent,39-5092.00,2,07/2015,Analyst,9.0185
53-7063.00,Machine Feeders and Offbearers,116.0,37.9,37.1,16.4,8.6,0.0,Incumbent,53-7063.00,2,07/2016,Analyst,8.881
33-3052.00,Transit and Railroad Police,95.0,37.9,36.8,13.7,9.5,2.1,Incumbent,33-3052.00,3,07/2017,Analyst,8.604999999999999
17-3025.00,Environmental Engineering Technologists and Technicians,82.0,30.5,36.6,26.8,4.9,1.2,,17-3025.00,4,07/2014,Analyst,9.4395
51-3091.00,"Food and Tobacco Roasting, Baking, and Drying Machine Operators and Tenders",71.0,36.6,36.6,14.1,9.9,2.8,Incumbent,51-3091.00,2,07/2017,Analyst,8.568
51-3011.00,Bakers,85.0,34.1,36.5,22.4,7.1,0.0,Incumbent,51-3011.00,2,07/2015,Analyst,9.1675
31-9095.00,Pharmacy Aides,74.0,36.5,36.5,17.6,9.5,0.0,Incumbent,31-9095.00,2,07/2014,Analyst,8.8435
25-4013.00,Museum Technicians and Conservators,66.0,39.4,36.4,13.6,10.6,0.0,Incumbent,25-4013.00,4,08/2018,Analyst,8.578999999999999
27-3043.00,Writers and Authors,44.0,40.9,36.4,15.9,6.8,0.0,,27-3043.00,4,08/2022,Analyst,8.8005
51-9197.00,Tire Builders,66.0,43.9,36.4,15.2,4.5,0.0,Incumbent,51-9197.00,2,08/2020,Analyst,8.8195
39-9032.00,Recreation Workers,83.0,27.7,36.1,18.1,18.1,0.0,Incumbent,39-9032.00,4,07/2017,Analyst,8.597000000000001
29-1071.01,Anesthesiologist Assistants,61.0,37.7,36.1,16.4,9.8,0.0,Incumbent,29-1071.01,5,07/2012,Analyst,8.711
13-1071.00,Human Resources Specialists,125.0,36.8,36.0,18.4,8.8,0.0,Incumbent,13-1071.00,4,08/2019,Analyst,8.831999999999999
51-9191.00,Adhesive Bonding Machine Operators and Tenders,64.0,37.5,35.9,12.5,14.1,0.0,Incumbent,51-9191.00,2,07/2015,Analyst,8.360999999999999
47-5011.00,"Derrick Operators, Oil and Gas",81.0,37.0,35.8,16.0,9.9,1.2,Incumbent,47-5011.00,1,06/2006,Analyst,8.6055
29-2056.00,Veterinary Technologists and Technicians,81.0,44.4,35.8,7.4,8.6,3.7,Incumbent,29-2056.00,3,08/2020,Analyst,8.09
31-1121.00,Home Health Aides,123.0,40.7,35.8,11.4,11.4,0.8,Incumbent,31-1121.00,2,07/2014,Analyst,8.333
51-4021.00,"Extruding and Drawing Machine Setters, Operators, and Tenders, Metal and Plastic",67.0,41.8,35.8,19.4,3.0,0.0,Incumbent,51-4021.00,2,07/2015,Analyst,9.004
39-3092.00,Costume Attendants,115.0,32.2,35.7,20.0,10.4,1.7,Incumbent,39-3092.00,2,07/2016,Analyst,8.787
49-9098.00,"Helpers--Installation, Maintenance, and Repair Workers",87.0,41.4,35.6,13.8,8.0,1.1,Incumbent,49-9098.00,2,08/2020,Analyst,8.507
21-1015.00,Rehabilitation Counselors,87.0,32.2,35.6,13.8,18.4,0.0,Incumbent,21-1015.00,4,08/2020,Analyst,8.283000000000001
15-1232.00,Computer User Support Specialists,73.0,38.4,35.6,11.0,13.7,1.4,Incumbent,15-1232.00,3,08/2023,Analyst,8.2075
19-1042.00,"Medical Scientists, Except Epidemiologists",65.0,30.8,35.4,21.5,12.3,0.0,Incumbent,19-1042.00,5,08/2021,Analyst,8.831
47-2131.00,"Insulation Workers, Floor, Ceiling, and Wall",65.0,33.8,35.4,18.5,12.3,0.0,Incumbent,47-2131.00,2,07/2015,Analyst,8.666
35-3011.00,Bartenders,65.0,30.8,35.4,26.2,6.2,1.5,Incumbent,35-3011.00,2,07/2017,Analyst,9.2
33-9031.00,Gambling Surveillance Officers and Gambling Investigators,91.0,38.5,35.2,15.4,9.9,1.1,,33-9031.00,2,08/2019,Analyst,8.4975
31-2011.00,Occupational Therapy Assistants,54.0,25.9,35.2,29.6,9.3,0.0,Incumbent,31-2011.00,3,08/2022,Analyst,9.323500000000001
11-9121.00,Natural Sciences Managers,71.0,31.0,35.2,25.4,7.0,1.4,Incumbent,11-9121.00,5,08/2021,Analyst,9.108
39-3093.00,"Locker Room, Coatroom, and Dressing Room Attendants",71.0,33.8,35.2,12.7,16.9,1.4,Incumbent,39-3093.00,2,07/2011,Analyst,8.162
53-7065.00,Stockers and Order Fillers,240.0,37.5,35.0,15.0,10.0,2.5,,53-7065.00,2,08/2022,Analyst,8.4
51-8092.00,Gas Plant Operators,63.0,34.9,34.9,20.6,9.5,0.0,Incumbent,51-8092.00,2,08/2023,Analyst,8.7785
51-9193.00,Cooling and Freezing Equipment Operators and Tenders,72.0,36.1,34.7,25.0,4.2,0.0,Incumbent,51-9193.00,2,07/2017,Analyst,9.128000000000002
43-4031.00,"Court, Municipal, and License Clerks",265.0,38.1,34.7,18.5,7.5,1.1,,43-4031.00,2,08/2022,Analyst,8.652000000000001
13-1041.04,Government Property Inspectors and Investigators,52.0,28.8,34.6,25.0,11.5,0.0,Incumbent,13-1041.04,3,07/2016,Analyst,8.928500000000001
35-3041.00,"Food Servers, Nonrestaurant",78.0,38.5,34.6,11.5,15.4,0.0,Incumbent,35-3041.00,2,08/2020,Analyst,8.0915
33-3012.00,Correctional Officers and Jailers,81.0,44.4,34.6,8.6,11.1,1.2,Incumbent,33-3012.00,2,08/2023,Analyst,8.0005
53-7081.00,Refuse and Recyclable Material Collectors,58.0,41.4,34.5,20.7,3.4,0.0,Incumbent,53-7081.00,2,08/2023,Analyst,8.8835
47-5044.00,"Loading and Moving Machine Operators, Underground Mining",119.0,39.5,34.5,16.0,9.2,0.8,,47-5044.00,2,08/2022,Analyst,8.456
17-2171.00,Petroleum Engineers,58.0,43.1,34.5,17.2,5.2,0.0,Incumbent,17-2171.00,4,08/2020,Analyst,8.646
47-3011.00,"Helpers--Brickmasons, Blockmasons, Stonemasons, and Tile and Marble Setters",64.0,40.6,34.4,15.6,6.3,3.1,Incumbent,47-3011.00,2,07/2013,Analyst,8.4235
51-9198.00,Helpers--Production Workers,93.0,37.6,34.4,16.1,10.8,1.1,Incumbent,51-9198.00,2,07/2015,Analyst,8.3985
21-1021.00,"Child, Family, and School Social Workers",64.0,37.5,34.4,15.6,12.5,0.0,Incumbent,21-1021.00,4,08/2018,Analyst,8.3615
11-9033.00,"Education Administrators, Postsecondary",114.0,41.2,34.2,12.3,10.5,1.8,Incumbent,11-9033.00,5,08/2018,Analyst,8.148000000000001
19-4021.00,Biological Technicians,73.0,27.4,34.2,17.8,20.5,0.0,Incumbent,19-4021.00,4,07/2017,Analyst,8.2515
53-7072.00,"Pump Operators, Except Wellhead Pumpers",82.0,37.8,34.1,20.7,6.1,1.2,Incumbent,53-7072.00,2,08/2021,Analyst,8.721
51-6051.00,"Sewers, Hand",47.0,27.7,34.0,27.7,10.6,0.0,Occupational Expert,51-6051.00,1,08/2024,Analyst,9.0185
31-9099.01,Speech-Language Pathology Assistants,53.0,26.4,34.0,18.9,20.8,0.0,Incumbent,31-9099.01,3,08/2022,Analyst,8.2825
27-1022.00,Fashion Designers,59.0,27.1,33.9,33.9,5.1,0.0,Incumbent,27-1022.00,3,08/2024,Analyst,9.483
41-2021.00,Counter and Rental Clerks,65.0,33.8,33.8,13.8,18.5,0.0,Incumbent,41-2021.00,2,08/2019,Analyst,8.0255
53-7121.00,"Tank Car, Truck, and Ship Loaders",86.0,41.9,33.7,7.0,17.4,0.0,Incumbent,53-7121.00,2,08/2019,Analyst,7.668000000000001
17-3026.00,Industrial Engineering Technologists and Technicians,78.0,34.6,33.3,23.1,9.0,0.0,,17-3026.00,3,07/2014,Analyst,8.7075
27-4031.00,"Camera Operators, Television, Video, and Film",57.0,40.4,33.3,15.8,7.0,3.5,,27-4031.00,3,08/2019,Analyst,8.251
25-1071.00,"Health Specialties Teachers, Postsecondary",57.0,38.6,33.3,15.8,10.5,1.8,Incumbent,25-1071.00,5,08/2019,Analyst,8.2145
29-2052.00,Pharmacy Technicians,81.0,39.5,33.3,13.6,13.6,0.0,Incumbent,29-2052.00,3,08/2021,Analyst,8.069999999999999
25-1072.00,"Nursing Instructors and Teachers, Postsecondary",105.0,32.4,33.3,22.9,11.4,0.0,Incumbent,25-1072.00,5,08/2019,Analyst,8.636499999999998
49-3091.00,Bicycle Repairers,48.0,39.6,33.3,20.8,6.3,0.0,Incumbent,49-3091.00,2,07/2016,Analyst,8.648499999999999
17-2072.01,Radio Frequency Identification Device Specialists,75.0,34.7,33.3,24.0,6.7,1.3,Incumbent,17-2072.01,4,07/2015,Analyst,8.7755
17-2151.00,"Mining and Geological Engineers, Including Mining Safety Engineers",67.0,43.3,32.8,20.9,3.0,0.0,Incumbent,17-2151.00,4,08/2018,Analyst,8.666499999999997
51-6042.00,Shoe Machine Operators and Tenders,55.0,45.5,32.7,14.5,7.3,0.0,Incumbent,51-6042.00,2,08/2024,Analyst,8.193000000000001
43-4021.00,Correspondence Clerks,55.0,40.0,32.7,16.4,10.9,0.0,Incumbent,43-4021.00,2,08/2023,Analyst,8.207500000000001
41-9031.00,Sales Engineers,49.0,49.0,32.7,12.2,6.1,0.0,Incumbent,41-9031.00,4,08/2022,Analyst,8.0965
53-3033.00,Light Truck Drivers,77.0,40.3,32.5,13.0,13.0,1.3,,53-3033.00,2,08/2023,Analyst,7.904
11-2011.00,Advertising and Promotions Managers,74.0,39.2,32.4,14.9,13.5,0.0,Incumbent,11-2011.00,4,08/2018,Analyst,8.017999999999999
53-7073.00,Wellhead Pumpers,62.0,43.5,32.3,19.4,4.8,0.0,Incumbent,53-7073.00,2,08/2019,Analyst,8.468999999999998
25-2011.00,"Preschool Teachers, Except Special Education",96.0,44.8,32.3,14.6,7.3,1.0,Incumbent,25-2011.00,3,08/2019,Analyst,8.112499999999999
43-9061.00,"Office Clerks, General",233.0,36.1,32.2,19.7,12.0,0.0,Incumbent,43-9061.00,2,08/2018,Analyst,8.291500000000001
43-2021.00,Telephone Operators,56.0,26.8,32.1,21.4,14.3,5.4,Incumbent,43-2021.00,2,08/2024,Analyst,8.1515
47-5071.00,"Roustabouts, Oil and Gas",56.0,28.6,32.1,33.9,5.4,0.0,Incumbent,47-5071.00,1,08/2023,Analyst,9.223500000000001
51-9192.00,"Cleaning, Washing, and Metal Pickling Equipment Operators and Tenders",53.0,32.1,32.1,22.6,11.3,1.9,Incumbent,51-9192.00,2,07/2017,Analyst,8.3975
25-1111.00,"Criminal Justice and Law Enforcement Teachers, Postsecondary",66.0,40.9,31.8,18.2,4.5,4.5,Incumbent,25-1111.00,5,08/2019,Analyst,8.2025
43-4121.00,"Library Assistants, Clerical",88.0,36.4,31.8,21.6,10.2,0.0,Incumbent,43-4121.00,2,08/2018,Analyst,8.385000000000002
47-4091.00,Segmental Pavers,76.0,28.9,31.6,23.7,13.2,2.6,Incumbent,47-4091.00,2,06/2008,Analyst,8.319500000000001
53-7064.00,"Packers and Packagers, Hand",76.0,40.8,31.6,14.5,11.8,1.3,Incumbent,53-7064.00,2,08/2020,Analyst,7.887500000000001
51-6011.00,Laundry and Dry-Cleaning Workers,86.0,29.1,31.4,14.0,23.3,2.3,Incumbent,51-6011.00,1,07/2015,Analyst,7.517499999999999
25-1113.00,"Social Work Teachers, Postsecondary",48.0,39.6,31.3,20.8,6.3,2.1,Incumbent,25-1113.00,5,08/2021,Analyst,8.3085
21-1012.00,"Educational, Guidance, and Career Counselors and Advisors",77.0,28.6,31.2,28.6,11.7,0.0,,21-1012.00,5,08/2024,Analyst,8.651499999999999
31-1133.00,Psychiatric Aides,55.0,34.5,30.9,12.7,20.0,1.8,Incumbent,31-1133.00,2,08/2023,Analyst,7.467499999999999
13-2031.00,Budget Analysts,55.0,43.6,30.9,9.1,16.4,0.0,Incumbent,13-2031.00,4,08/2024,Analyst,7.416499999999999
43-5011.01,Freight Forwarders,49.0,38.8,30.6,18.4,10.2,2.0,Incumbent,43-5011.01,2,08/2024,Analyst,7.981000000000001
37-2011.00,"Janitors and Cleaners, Except Maids and Housekeeping Cleaners",62.0,43.5,30.6,11.3,11.3,3.2,Incumbent,37-2011.00,3,08/2023,Analyst,7.524000000000001
11-3051.01,Quality Control Systems Managers,59.0,42.4,30.5,15.3,10.2,1.7,Incumbent,11-3051.01,4,08/2022,Analyst,7.8084999999999996
41-9012.00,Models,56.0,42.9,30.4,12.5,7.1,7.1,Incumbent,41-9012.00,2,08/2021,Analyst,7.552999999999999
27-1026.00,Merchandise Displayers and Window Trimmers,66.0,37.9,30.3,15.2,15.2,1.5,Incumbent,27-1026.00,3,07/2015,Analyst,7.656
33-9032.00,Security Guards,53.0,43.4,30.2,13.2,13.2,0.0,Incumbent,33-9032.00,2,08/2023,Analyst,7.623999999999999
29-1141.00,Registered Nurses,91.0,45.1,29.7,14.3,8.8,2.2,Incumbent,29-1141.00,4,08/2021,Analyst,7.661499999999999
21-1011.00,Substance Abuse and Behavioral Disorder Counselors,54.0,48.1,29.6,11.1,11.1,0.0,Incumbent,21-1011.00,5,08/2021,Analyst,7.474
53-6061.00,Passenger Attendants,54.0,44.4,29.6,14.8,11.1,0.0,,53-6061.00,2,07/2015,Analyst,7.6775
39-5094.00,Skincare Specialists,85.0,40.0,29.4,17.6,12.9,0.0,Incumbent,39-5094.00,3,07/2012,Analyst,7.7585
15-1211.00,Computer Systems Analysts,65.0,40.0,29.2,20.0,10.8,0.0,Incumbent,15-1211.00,3,08/2023,Analyst,7.917999999999999
47-2061.00,Construction Laborers,62.0,35.5,29.0,12.9,21.0,1.6,Incumbent,47-2061.00,2,08/2020,Analyst,7.1964999999999995
27-2022.00,Coaches and Scouts,108.0,45.4,28.7,16.7,8.3,0.9,Incumbent,27-2022.00,4,08/2019,Analyst,7.701999999999999
11-9032.00,"Education Administrators, Kindergarten through Secondary",105.0,38.1,28.6,21.9,10.5,1.0,,11-9032.00,5,08/2018,Analyst,7.919
51-9021.00,"Crushing, Grinding, and Polishing Machine Setters, Operators, and Tenders",49.0,55.1,28.6,16.3,0.0,0.0,Incumbent,51-9021.00,2,08/2024,Analyst,7.9005
51-6061.00,Textile Bleaching and Dyeing Machine Operators and Tenders,49.0,46.9,28.6,18.4,4.1,2.0,Incumbent,51-6061.00,2,08/2023,Analyst,7.8534999999999995
49-3043.00,Rail Car Repairers,74.0,45.9,28.4,12.2,12.2,1.4,Incumbent,49-3043.00,2,08/2019,Analyst,7.302999999999999
31-9092.00,Medical Assistants,60.0,53.3,28.3,6.7,11.7,0.0,Incumbent,31-9092.00,3,08/2021,Analyst,7.037999999999999
11-2021.00,Marketing Managers,117.0,45.3,28.2,14.5,12.0,0.0,Incumbent,11-2021.00,4,07/2015,Analyst,7.445499999999999
47-4041.00,Hazardous Materials Removal Workers,71.0,46.5,28.2,18.3,7.0,0.0,Incumbent,47-4041.00,3,07/2015,Analyst,7.7795
43-4061.00,"Eligibility Interviewers, Government Programs",82.0,41.5,28.0,13.4,17.1,0.0,Incumbent,43-4061.00,3,08/2023,Analyst,7.2295
43-4141.00,New Accounts Clerks,54.0,51.9,27.8,5.6,14.8,0.0,Incumbent,43-4141.00,3,08/2020,Analyst,6.833
33-9092.00,"Lifeguards, Ski Patrol, and Other Recreational Protective Service Workers",97.0,49.5,27.8,3.1,19.6,0.0,Incumbent,33-9092.00,2,08/2020,Analyst,6.5725
51-3093.00,Food Cooking Machine Operators and Tenders,58.0,58.6,27.6,10.3,3.4,0.0,Incumbent,51-3093.00,2,08/2021,Analyst,7.3425
21-1023.00,Mental Health and Substance Abuse Social Workers,69.0,47.8,27.5,13.0,11.6,0.0,Incumbent,21-1023.00,5,08/2021,Analyst,7.271999999999999
49-3093.00,Tire Repairers and Changers,80.0,40.0,27.5,20.0,12.5,0.0,Incumbent,49-3093.00,2,07/2014,Analyst,7.637499999999999
11-9199.09,Wind Energy Operations Managers,62.0,37.1,27.4,32.3,1.6,1.6,,11-9199.09,3,08/2021,Analyst,8.5245
35-3031.00,Waiters and Waitresses,122.0,39.3,27.0,14.8,18.9,0.0,Incumbent,35-3031.00,2,08/2018,Analyst,7.121499999999999
33-3011.00,Bailiffs,52.0,30.8,26.9,26.9,13.5,1.9,Incumbent,33-3011.00,3,08/2020,Analyst,7.850999999999999
13-1199.06,Online Merchants,75.0,44.0,26.7,20.0,9.3,0.0,Incumbent,13-1199.06,4,07/2014,Analyst,7.6055
43-4071.00,File Clerks,109.0,43.1,26.6,17.4,12.8,0.0,Incumbent,43-4071.00,2,07/2014,Analyst,7.3580000000000005
33-9091.00,Crossing Guards and Flaggers,102.0,37.3,26.5,28.4,6.9,1.0,,33-9091.00,2,07/2016,Analyst,8.0725
31-1122.00,Personal Care Aides,57.0,45.6,26.3,5.3,22.8,0.0,Incumbent,31-1122.00,2,08/2023,Analyst,6.4035
33-3041.00,Parking Enforcement Workers,84.0,40.5,26.2,16.7,16.7,0.0,Incumbent,33-3041.00,2,07/2016,Analyst,7.172
53-7062.00,"Laborers and Freight, Stock, and Material Movers, Hand",77.0,44.2,26.0,11.7,18.2,0.0,Incumbent,53-7062.00,2,08/2024,Analyst,6.8315
37-2012.00,Maids and Housekeeping Cleaners,89.0,31.5,25.8,25.8,14.6,2.2,Incumbent,37-2012.00,1,08/2020,Analyst,7.597
21-1094.00,Community Health Workers,62.0,46.8,25.8,14.5,12.9,0.0,Incumbent,21-1094.00,4,07/2013,Analyst,7.087
29-2053.00,Psychiatric Technicians,70.0,48.6,25.7,14.3,11.4,0.0,Incumbent,29-2053.00,3,08/2023,Analyst,7.0995
31-2012.00,Occupational Therapy Aides,59.0,40.7,25.4,10.2,23.7,0.0,Incumbent,31-2012.00,3,08/2020,Analyst,6.5245
53-2022.00,Airfield Operations Specialists,71.0,49.3,25.4,4.2,21.1,0.0,Incumbent,53-2022.00,3,08/2021,Analyst,6.259499999999999
31-2022.00,Physical Therapist Aides,59.0,33.9,25.4,6.8,33.9,0.0,Incumbent,31-2022.00,2,08/2023,Analyst,6.0825
43-4171.00,Receptionists and Information Clerks,91.0,47.3,25.3,15.4,12.1,0.0,Incumbent,43-4171.00,2,08/2023,Analyst,7.0895
29-2099.08,Patient Representatives,60.0,56.7,25.0,5.0,11.7,1.7,Incumbent,29-2099.08,3,08/2020,Analyst,6.4345
15-1212.00,Information Security Analysts,72.0,47.2,25.0,8.3,18.1,1.4,Incumbent,15-1212.00,4,08/2018,Analyst,6.462000000000001
47-3014.00,"Helpers--Painters, Paperhangers, Plasterers, and Stucco Masons",121.0,42.1,24.8,11.6,21.5,0.0,Incumbent,47-3014.00,1,06/2007,Analyst,6.572500000000001
41-9011.00,Demonstrators and Product Promoters,57.0,47.4,24.6,21.1,7.0,0.0,Incumbent,41-9011.00,2,07/2016,Analyst,7.432500000000001
11-9121.01,Clinical Research Coordinators,53.0,34.0,24.5,17.0,24.5,0.0,Incumbent,11-9121.01,4,08/2021,Analyst,6.7525
39-3012.00,Gambling and Sports Book Writers and Runners,90.0,41.1,24.4,14.4,20.0,0.0,,39-3012.00,2,07/2014,Analyst,6.705
21-1014.00,Mental Health Counselors,74.0,51.4,24.3,14.9,9.5,0.0,Incumbent,21-1014.00,5,08/2021,Analyst,6.987
53-3011.00,"Ambulance Drivers and Attendants, Except Emergency Medical Technicians",58.0,44.8,24.1,15.5,13.8,1.7,Incumbent,53-3011.00,2,07/2017,Analyst,6.827500000000001
27-2031.00,Dancers,54.0,48.1,24.1,5.6,22.2,0.0,Incumbent,27-2031.00,3,08/2019,Analyst,6.127000000000001
39-1022.00,First-Line Supervisors of Personal Service Workers,50.0,50.0,24.0,10.0,14.0,2.0,Incumbent,39-1022.00,3,08/2024,Analyst,6.5
19-4061.00,Social Science Research Assistants,71.0,38.0,23.9,12.7,25.4,0.0,Incumbent,19-4061.00,4,08/2019,Analyst,6.4094999999999995
31-9091.00,Dental Assistants,63.0,41.3,23.8,15.9,15.9,3.2,Incumbent,31-9091.00,3,08/2021,Analyst,6.716
43-4161.00,"Human Resources Assistants, Except Payroll and Timekeeping",101.0,43.6,23.8,15.8,16.8,0.0,Incumbent,43-4161.00,3,07/2017,Analyst,6.781000000000001
35-9011.00,Dining Room and Cafeteria Attendants and Bartender Helpers,55.0,36.4,23.6,5.5,30.9,3.6,Incumbent,35-9011.00,1,08/2021,Analyst,5.726
19-1029.01,Bioinformatics Scientists,81.0,51.9,23.5,14.8,8.6,1.2,Incumbent,19-1029.01,5,07/2012,Analyst,6.853
47-5043.00,"Roof Bolters, Mining",47.0,48.9,23.4,25.5,2.1,0.0,Incumbent,47-5043.00,2,07/2017,Analyst,7.622999999999999
31-1132.00,Orderlies,90.0,46.7,23.3,12.2,16.7,1.1,,31-1132.00,2,07/2016,Analyst,6.482500000000001
53-5011.00,Sailors and Marine Oilers,73.0,34.2,23.3,27.4,13.7,1.4,Incumbent,53-5011.00,2,07/2016,Analyst,7.3845
13-1121.00,"Meeting, Convention, and Event Planners",66.0,40.9,22.7,22.7,13.6,0.0,Incumbent,13-1121.00,4,07/2016,Analyst,7.0835
47-2152.04,Solar Thermal Installers and Technicians,53.0,52.8,22.6,15.1,9.4,0.0,Incumbent,47-2152.04,3,07/2015,Analyst,6.7565
47-3015.00,"Helpers--Pipelayers, Plumbers, Pipefitters, and Steamfitters",58.0,48.3,22.4,10.3,19.0,0.0,Incumbent,47-3015.00,2,07/2011,Analyst,6.227499999999999
11-9179.02,Spa Managers,59.0,47.5,22.0,22.0,8.5,0.0,Incumbent,11-9179.02,3,07/2012,Analyst,7.077500000000001
47-5051.00,"Rock Splitters, Quarry",64.0,40.6,21.9,34.4,1.6,1.6,Incumbent,47-5051.00,1,06/2008,Analyst,7.872999999999999
49-9081.00,Wind Turbine Service Technicians,97.0,36.1,21.6,33.0,8.2,1.0,Incumbent,49-9081.00,3,08/2021,Analyst,7.601000000000001
17-2199.10,Wind Energy Engineers,116.0,55.2,21.6,8.6,14.7,0.0,Incumbent,17-2199.10,4,07/2012,Analyst,6.1325
25-9031.00,Instructional Coordinators,74.0,52.7,21.6,12.2,12.2,1.4,Incumbent,25-9031.00,5,08/2018,Analyst,6.351000000000001
47-5081.00,Helpers--Extraction Workers,47.0,48.9,21.3,19.1,10.6,0.0,Incumbent,47-5081.00,2,08/2018,Analyst,6.764500000000001
43-5011.00,Cargo and Freight Agents,52.0,57.7,21.2,7.7,11.5,1.9,Incumbent,43-5011.00,2,08/2021,Analyst,6.047
15-2099.01,Bioinformatics Technicians,66.0,51.5,21.2,16.7,10.6,0.0,Incumbent,15-2099.01,4,07/2014,Analyst,6.621499999999999
43-3071.00,Tellers,76.0,46.1,21.1,9.2,22.4,1.3,Incumbent,43-3071.00,2,08/2018,Analyst,5.864000000000001
39-9011.00,Childcare Workers,192.0,49.5,20.8,12.0,16.1,1.6,Incumbent,39-9011.00,2,08/2018,Analyst,6.1215
35-3023.00,Fast Food and Counter Workers,222.0,47.3,20.7,10.4,19.4,2.3,,35-3023.00,1,08/2022,Analyst,5.919
21-1093.00,Social and Human Service Assistants,69.0,44.9,20.3,14.5,20.3,0.0,Incumbent,21-1093.00,4,08/2020,Analyst,6.132
33-9099.02,Retail Loss Prevention Specialists,84.0,44.0,20.2,13.1,22.6,0.0,Incumbent,33-9099.02,2,07/2014,Analyst,5.9805
19-4099.01,Quality Control Analysts,55.0,54.5,20.0,16.4,9.1,0.0,Incumbent,19-4099.01,3,08/2020,Analyst,6.4745
25-9042.00,"Teaching Assistants, Preschool, Elementary, Middle, and Secondary School, Except Special Education",60.0,45.0,20.0,10.0,23.3,1.7,,25-9042.00,3,08/2024,Analyst,5.7165
43-9111.00,Statistical Assistants,112.0,54.5,19.6,12.5,13.4,0.0,Incumbent,43-9111.00,4,07/2015,Analyst,6.096500000000001
53-7061.00,Cleaners of Vehicles and Equipment,58.0,32.8,19.0,27.6,20.7,0.0,Incumbent,53-7061.00,2,08/2022,Analyst,6.6635
39-4021.00,Funeral Attendants,69.0,43.5,18.8,17.4,17.4,2.9,Incumbent,39-4021.00,2,08/2024,Analyst,6.067
35-2015.00,"Cooks, Short Order",85.0,45.9,18.8,12.9,22.4,0.0,Incumbent,35-2015.00,2,08/2018,Analyst,5.7815
11-9081.00,Lodging Managers,49.0,55.1,18.4,14.3,10.2,2.0,Incumbent,11-9081.00,4,07/2017,Analyst,6.047499999999999
23-1012.00,Judicial Law Clerks,49.0,49.0,18.4,10.2,22.4,0.0,Incumbent,23-1012.00,5,08/2021,Analyst,5.577
47-1011.03,Solar Energy Installation Managers,55.0,50.9,18.2,25.5,5.5,0.0,Incumbent,47-1011.03,3,08/2024,Analyst,6.816
43-4111.00,"Interviewers, Except Eligibility and Loan",55.0,43.6,18.2,18.2,20.0,0.0,Incumbent,43-4111.00,3,08/2021,Analyst,6.0489999999999995
47-2231.00,Solar Photovoltaic Installers,62.0,50.0,17.7,14.5,16.1,1.6,Incumbent,47-2231.00,2,08/2024,Analyst,5.822
39-2021.00,Animal Caretakers,110.0,50.9,15.5,15.5,18.2,0.0,,39-2021.00,2,08/2019,Analyst,5.5705
41-4011.07,Solar Sales Representatives and Assessors,59.0,59.3,15.3,6.8,16.9,1.7,Incumbent,41-4011.07,3,08/2024,Analyst,5.0425
35-2021.00,Food Preparation Workers,60.0,43.3,15.0,16.7,23.3,1.7,Incumbent,35-2021.00,2,08/2024,Analyst,5.385
11-9041.01,Biofuels/Biodiesel Technology and Product Development Managers,100.0,52.0,15.0,18.0,15.0,0.0,Incumbent,11-9041.01,4,07/2014,Analyst,5.715
53-7062.04,Recycling and Reclamation Workers,67.0,52.2,14.9,22.4,10.4,0.0,Incumbent,53-7062.04,2,07/2012,Analyst,6.055
31-9096.00,Veterinary Assistants and Laboratory Animal Caretakers,65.0,47.7,13.8,10.8,27.7,0.0,Incumbent,31-9096.00,2,08/2020,Analyst,4.833500000000001
47-3012.00,Helpers--Carpenters,60.0,51.7,13.3,23.3,11.7,0.0,Incumbent,47-3012.00,2,07/2013,Analyst,5.851000000000001
11-9199.10,Wind Energy Development Managers,53.0,64.2,13.2,13.2,7.5,1.9,,11-9199.10,4,07/2016,Analyst,5.3294999999999995
39-9041.00,Residential Advisors,85.0,41.2,12.9,9.4,36.5,0.0,Incumbent,39-9041.00,3,08/2019,Analyst,4.4105
39-5093.00,Shampooers,94.0,42.6,12.8,6.4,38.3,0.0,Incumbent,39-5093.00,2,06/2008,Analyst,4.1895
39-3091.00,Amusement and Recreation Attendants,71.0,43.7,12.7,18.3,25.4,0.0,Incumbent,39-3091.00,1,08/2020,Analyst,5.1525
43-4081.00,"Hotel, Motel, and Resort Desk Clerks",131.0,49.6,11.5,13.0,25.2,0.8,Incumbent,43-4081.00,2,07/2017,Analyst,4.674
39-3031.00,"Ushers, Lobby Attendants, and Ticket Takers",97.0,47.4,11.3,16.5,23.7,1.0,Incumbent,39-3031.00,2,07/2015,Analyst,4.864
35-2011.00,"Cooks, Fast Food",56.0,39.3,10.7,5.4,44.6,0.0,Incumbent,35-2011.00,1,08/2019,Analyst,3.6799999999999997
41-2011.00,Cashiers,64.0,50.0,9.4,18.8,21.9,0.0,Incumbent,41-2011.00,2,08/2024,Analyst,4.8055
35-9021.00,Dishwashers,49.0,53.1,8.2,10.2,28.6,0.0,Incumbent,35-9021.00,1,08/2021,Analyst,3.997
51-8099.01,Biofuels Processing Technicians,76.0,60.5,7.9,14.5,17.1,0.0,,51-8099.01,2,07/2016,Analyst,4.476
35-9031.00,"Hosts and Hostesses, Restaurant, Lounge, and Coffee Shop",107.0,50.5,7.5,9.3,32.7,0.0,Incumbent,35-9031.00,2,08/2018,Analyst,3.7439999999999998
11-3051.03,Biofuels Production Managers,65.0,64.6,6.2,16.9,10.8,1.5,,11-3051.03,4,07/2016,Analyst,4.482499999999999
47-3016.00,Helpers--Roofers,99.0,46.5,6.1,11.1,32.3,4.0,Incumbent,47-3016.00,2,06/2008,Analyst,3.537
47-3013.00,Helpers--Electricians,74.0,63.5,4.1,2.7,29.7,0.0,Incumbent,47-3013.00,2,08/2023,Analyst,2.98
35-3023.01,Baristas,69.0,47.8,0.0,8.7,43.5,0.0,Incumbent,35-3023.01,1,07/2015,Analyst,2.3909999999999996
25-9044.00,"Teaching Assistants, Postsecondary",99.0,55.6,0.0,2.0,42.4,0.0,,25-9044.00,5,07/2016,Analyst,2.0500000000000003
